,Cost of an energy sufficient diet,Cost of a nutrient adequate diet,Cost of a healthy diet,Cost of a healthy diet relative to the cost of sufficient energy from starchy staples,Cost of fruits,Cost of vegetables,Cost of starchy staples,Cost of animal-source foods,"Cost of legumes, nuts and seeds",Cost of oils and fats,Cost share for fruits in a least-cost healthy diet,Cost share for vegetables in a least-cost healthy diet,Cost share for starchy staples in a least-cost healthy diet,Cost share for animal-sourced foods in a least-cost healthy diet,"Cost share for legumes, nuts and seeds in a least-cost healthy diet",Cost share for oils and fats in a least-cost healthy diet,Cost of fruits relative to the starchy staples in a least-cost healthy diet,Cost of vegetables relative to the starchy staples in a least-cost healthy diet,Cost of animal-sourced foods relative to the starchy staples in a least-cost healthy diet,"Cost of legumes, nuts and seeds relative to the starchy staples in a least-cost healthy diet",Cost of oils and fats relative to the starchy staples in a least-cost healthy diet,Affordability of an energy sufficient diet: ratio of cost to the food poverty line,Affordability of a nutrient adequate diet: ratio of cost to the food poverty line,Affordability of a healthy diet: ratio of cost to the food poverty line,Affordability of an energy sufficient diet: ratio of cost to food expenditures,Affordability of a nutrient adequate diet: ratio of cost to food expenditures,Affordability of a healthy diet: ratio of cost to food expenditures,Percent of the population who cannot afford sufficient calories,Percent of the population who cannot afford nutrient adequacy,Percent of the population who cannot afford a healthy diet,Millions of people who cannot afford sufficient calories,Millions of people who cannot afford nutrient adequacy,Millions of people who cannot afford a healthy diet,Population,Classification Name,Classification Code,Country Name,Country Code,Time,Time Code
0,0.725,2.471,3.952,5.45,0.911,0.707,0.599,1.204,0.441,0.089,0.231,0.179,0.152,0.305,0.112,0.023,1.52,1.18,2.01,0.74,0.15,0.732,2.496,3.992,0.078,0.266,0.425,0.0,13.0,37.8,0.0,0.4,1.1,2873457.0,Food Prices for Nutrition 1.0,FPN 1.0,Albania,ALB,2017,YR2017
4,0.773,2.323,3.763,4.87,0.979,0.699,0.496,0.964,0.493,0.132,0.26,0.186,0.132,0.256,0.131,0.035,1.97,1.41,1.94,0.99,0.27,0.781,2.346,3.801,0.124,0.374,0.605,0.2,7.2,35.2,0.1,3.0,14.6,41389174.0,Food Prices for Nutrition 1.0,FPN 1.0,Algeria,DZA,2017,YR2017
8,1.403,3.231,4.327,3.08,0.717,1.199,0.839,1.011,0.395,0.166,0.166,0.277,0.194,0.234,0.091,0.038,0.85,1.43,1.21,0.47,0.2,1.417,3.264,4.371,0.315,0.726,0.972,57.2,87.1,92.9,17.0,26.0,27.7,29816769.0,Food Prices for Nutrition 1.0,FPN 1.0,Angola,AGO,2017,YR2017
12,1.308,2.433,3.717,2.84,0.811,1.019,0.778,0.647,0.328,0.134,0.218,0.274,0.209,0.174,0.088,0.036,1.04,1.31,0.83,0.42,0.17,1.321,2.458,3.755,0.203,0.378,0.577,0.0,0.0,0.0,381.2,2287.9,3125.1,29567.0,Food Prices for Nutrition 1.0,FPN 1.0,Anguilla,AIA,2017,YR2017
16,0.933,3.017,4.112,4.41,1.003,1.279,0.604,0.682,0.429,0.115,0.244,0.311,0.147,0.166,0.104,0.028,1.66,2.12,1.13,0.71,0.19,0.942,3.047,4.154,0.174,0.563,0.767,78.5,0.0,0.0,381.2,2287.9,3125.1,95425.0,Food Prices for Nutrition 1.0,FPN 1.0,Antigua and Barbuda,ATG,2017,YR2017
20,0.652,2.625,3.341,5.12,0.733,0.703,0.463,0.669,0.656,0.117,0.219,0.21,0.139,0.2,0.196,0.035,1.58,1.52,1.44,1.42,0.25,0.659,2.652,3.375,0.077,0.31,0.395,0.3,7.1,11.0,0.1,3.1,4.8,44044811.0,Food Prices for Nutrition 1.0,FPN 1.0,Argentina,ARG,2017,YR2017
24,1.013,2.208,3.096,3.06,0.488,0.433,0.537,0.973,0.541,0.123,0.158,0.14,0.173,0.314,0.175,0.04,0.91,0.81,1.81,1.01,0.23,1.023,2.23,3.127,0.088,0.192,0.27,0.6,16.8,40.9,0.0,0.5,1.2,2944789.0,Food Prices for Nutrition 1.0,FPN 1.0,Armenia,ARM,2017,YR2017
28,1.13,2.835,3.418,3.02,0.475,0.907,0.797,0.718,0.407,0.115,0.139,0.265,0.233,0.21,0.119,0.034,0.6,1.14,0.9,0.51,0.14,1.141,2.864,3.453,0.239,0.6,0.723,78.5,96.0,0.0,0.0,0.0,3125.1,105361.0,Food Prices for Nutrition 1.0,FPN 1.0,Aruba,ABW,2017,YR2017
32,0.307,1.595,2.259,7.36,0.667,0.597,0.221,0.458,0.249,0.067,0.295,0.264,0.098,0.203,0.11,0.03,3.02,2.7,2.07,1.13,0.3,0.31,1.611,2.282,0.045,0.235,0.333,0.2,0.5,0.7,0.1,0.1,0.2,24601860.0,Food Prices for Nutrition 1.0,FPN 1.0,Australia,AUS,2017,YR2017
36,0.346,2.256,2.772,8.01,0.819,0.698,0.229,0.612,0.36,0.055,0.295,0.252,0.083,0.221,0.13,0.02,3.58,3.05,2.67,1.57,0.24,0.349,2.279,2.8,0.049,0.318,0.39,0.2,0.5,0.6,0.0,0.0,0.1,8797566.0,Food Prices for Nutrition 1.0,FPN 1.0,Austria,AUT,2017,YR2017
40,0.789,1.836,2.348,2.98,0.26,0.317,0.448,0.729,0.463,0.132,0.111,0.135,0.191,0.31,0.197,0.056,0.58,0.71,1.63,1.03,0.29,0.797,1.855,2.372,0.097,0.225,0.288,0.0,0.0,0.0,0.0,0.0,0.0,9854033.0,Food Prices for Nutrition 1.0,FPN 1.0,Azerbaijan,AZE,2017,YR2017
44,1.049,4.683,4.276,4.08,1.03,0.716,0.574,0.848,0.656,0.453,0.241,0.167,0.134,0.198,0.153,0.106,1.79,1.25,1.48,1.14,0.79,1.06,4.73,4.319,0.169,0.755,0.69,78.5,0.0,97.5,381.2,0.0,0.0,381749.0,Food Prices for Nutrition 1.0,FPN 1.0,"Bahamas, The",BHS,2017,YR2017
48,0.792,2.829,3.379,4.27,0.474,0.688,0.653,1.006,0.373,0.185,0.14,0.204,0.193,0.298,0.11,0.055,0.73,1.05,1.54,0.57,0.28,0.8,2.858,3.413,0.115,0.412,0.492,0.0,0.0,97.5,0.0,2287.9,3125.1,1494077.0,Food Prices for Nutrition 1.0,FPN 1.0,Bahrain,BHR,2017,YR2017
52,0.644,1.947,2.882,4.48,0.559,0.477,0.359,1.143,0.227,0.118,0.194,0.166,0.125,0.397,0.079,0.041,1.56,1.33,3.18,0.63,0.33,0.651,1.967,2.911,0.145,0.438,0.648,0.8,51.8,77.4,1.2,82.7,123.7,159685421.0,Food Prices for Nutrition 1.0,FPN 1.0,Bangladesh,BGD,2017,YR2017
56,0.896,2.226,1.822,10.88,0.162,1.785,1.477,0.377,0.875,0.453,0.423,0.487,0.067,0.123,0.022,0.106,3.67,0.52,4.05,2.3,0.06,0.905,2.248,1.627,0.218,0.542,0.247,0.0,96.0,0.0,0.0,2287.9,0.0,286229.0,Food Prices for Nutrition 1.0,FPN 1.0,Barbados,BRB,2017,YR2017
60,0.8,2.161,3.177,3.97,0.678,0.349,0.506,0.826,0.643,0.174,0.213,0.11,0.159,0.26,0.202,0.055,1.34,0.69,1.63,1.27,0.34,0.808,2.183,3.209,0.095,0.257,0.378,0.0,0.1,0.8,0.0,0.0,0.1,9458989.0,Food Prices for Nutrition 1.0,FPN 1.0,Belarus,BLR,2017,YR2017
64,0.263,2.406,2.862,10.88,0.79,0.677,0.222,0.745,0.369,0.06,0.276,0.237,0.078,0.26,0.129,0.021,3.56,3.05,3.36,1.66,0.27,0.266,2.43,2.891,0.032,0.291,0.347,0.1,0.3,0.3,0.0,0.0,0.0,11375158.0,Food Prices for Nutrition 1.0,FPN 1.0,Belgium,BEL,2017,YR2017
68,1.13,2.803,2.476,2.19,0.162,0.805,0.38,0.776,0.224,0.129,0.065,0.325,0.153,0.313,0.09,0.052,0.43,2.12,2.04,0.59,0.34,1.141,2.831,2.501,0.461,1.143,1.009,13.9,45.5,39.4,0.1,0.2,0.1,375775.0,Food Prices for Nutrition 1.0,FPN 1.0,Belize,BLZ,2017,YR2017
72,0.652,2.498,3.55,5.44,0.538,1.012,0.41,1.168,0.297,0.125,0.152,0.285,0.115,0.329,0.084,0.035,1.31,2.47,2.85,0.72,0.3,0.659,2.523,3.586,0.316,1.211,1.721,13.9,82.3,90.7,1.5,9.2,10.1,11175192.0,Food Prices for Nutrition 1.0,FPN 1.0,Benin,BEN,2017,YR2017
76,1.099,4.706,4.072,3.71,0.478,1.652,0.743,0.502,0.53,0.165,0.117,0.406,0.182,0.123,0.13,0.041,0.64,2.22,0.68,0.71,0.22,1.11,4.754,4.113,0.104,0.447,0.387,0.0,0.0,97.5,0.0,2287.9,0.0,63873.0,Food Prices for Nutrition 1.0,FPN 1.0,Bermuda,BMU,2017,YR2017
80,1.047,2.802,4.383,4.19,1.122,0.94,0.54,1.191,0.427,0.164,0.256,0.214,0.123,0.272,0.097,0.037,2.08,1.74,2.21,0.79,0.3,1.058,2.83,4.427,0.18,0.481,0.753,1.3,32.7,57.6,0.0,0.2,0.4,745563.0,Food Prices for Nutrition 1.0,FPN 1.0,Bhutan,BTN,2017,YR2017
84,1.468,3.338,3.551,2.42,0.411,0.644,0.781,1.046,0.53,0.14,0.116,0.181,0.22,0.295,0.149,0.039,0.53,0.82,1.34,0.68,0.18,1.483,3.372,3.587,0.258,0.586,0.624,9.3,28.0,30.2,1.0,3.1,3.4,11192853.0,Food Prices for Nutrition 1.0,FPN 1.0,Bolivia,BOL,2017,YR2017
88,0.746,3.329,5.975,1.306955435,1.997,0.303,1.477,1.583,0.875,0.052,0.065,0.108,0.067,0.123,0.022,0.106,0.41,0.52,0.54,2.3,0.06,0.754,3.363,1.627,0.225,1.002,0.247,0.0,96.0,0.0,381.2,0.0,3125.1,7262444211.0,Food Prices for Nutrition 1.0,FPN 1.0,Bonaire,BON,2017,YR2017
92,0.691,3.051,3.847,5.57,0.916,0.825,0.54,0.921,0.512,0.132,0.238,0.214,0.14,0.239,0.133,0.034,1.7,1.53,1.71,0.95,0.24,0.698,3.082,3.886,0.087,0.386,0.487,0.0,2.3,4.6,0.0,0.1,0.2,3351534.0,Food Prices for Nutrition 1.0,FPN 1.0,Bosnia and Herzegovina,BIH,2017,YR2017
96,0.505,2.25,3.622,7.17,0.795,0.796,0.39,1.097,0.402,0.142,0.219,0.22,0.108,0.303,0.111,0.039,2.04,2.04,2.81,1.03,0.36,0.51,2.273,3.659,0.038,0.17,0.274,1.4,45.1,63.8,0.0,1.0,1.4,2205076.0,Food Prices for Nutrition 1.0,FPN 1.0,Botswana,BWA,2017,YR2017
100,0.848,2.657,2.809,3.31,0.46,0.465,0.439,0.635,0.742,0.067,0.164,0.166,0.156,0.226,0.264,0.024,1.05,1.06,1.45,1.69,0.15,0.857,2.684,2.837,0.191,0.599,0.634,3.2,16.9,18.3,6.6,35.2,38.1,207833825.0,Food Prices for Nutrition 1.0,FPN 1.0,Brazil,BRA,2017,YR2017
104,1.563,3.059,3.235,2.07,0.425,0.785,0.808,0.828,0.237,0.152,0.131,0.243,0.25,0.256,0.073,0.047,0.53,0.97,1.02,0.29,0.19,1.579,3.09,3.268,0.173,0.338,0.358,78.5,96.0,0.0,381.2,0.0,3125.1,29567.0,Food Prices for Nutrition 1.0,FPN 1.0,British Virgin Islands,VGB,2017,YR2017
108,0.762,2.376,4.126,5.41,0.894,0.932,0.674,1.123,0.405,0.098,0.217,0.226,0.163,0.272,0.098,0.024,1.33,1.38,1.67,0.6,0.15,0.77,2.4,4.168,0.143,0.445,0.772,0.0,96.0,0.0,381.2,2287.9,3125.1,424481.0,Food Prices for Nutrition 1.0,FPN 1.0,Brunei Darussalam,BRN,2017,YR2017
112,0.504,2.768,3.78,7.5,0.959,0.774,0.504,0.963,0.478,0.101,0.254,0.205,0.133,0.255,0.126,0.027,1.9,1.54,1.91,0.95,0.2,0.509,2.796,3.818,0.077,0.422,0.576,0.4,6.4,11.3,0.0,0.5,0.8,7075947.0,Food Prices for Nutrition 1.0,FPN 1.0,Bulgaria,BGR,2017,YR2017
116,0.574,2.538,3.173,5.53,0.354,0.917,0.439,1.145,0.127,0.19,0.112,0.289,0.138,0.361,0.04,0.06,0.81,2.09,2.61,0.29,0.43,0.58,2.564,3.205,0.361,1.598,1.997,7.5,79.0,85.1,1.4,15.2,16.3,19193236.0,Food Prices for Nutrition 1.0,FPN 1.0,Burkina Faso,BFA,2017,YR2017
120,0.708,1.589,2.988,4.22,0.447,0.532,0.615,1.112,0.174,0.107,0.15,0.178,0.206,0.372,0.058,0.036,0.73,0.87,1.81,0.28,0.17,0.715,1.605,3.018,0.808,1.814,3.412,56.1,89.6,97.5,6.1,9.7,10.6,10827010.0,Food Prices for Nutrition 1.0,FPN 1.0,Burundi,BDI,2017,YR2017
124,0.62,2.522,3.358,5.42,0.823,1.036,0.342,0.779,0.281,0.098,0.245,0.309,0.102,0.232,0.084,0.029,2.41,3.03,2.28,0.82,0.29,0.626,2.547,3.392,0.139,0.565,0.753,0.3,27.6,42.1,0.0,0.1,0.2,537499.0,Food Prices for Nutrition 1.0,FPN 1.0,Cabo Verde,CPV,2017,YR2017
128,0.993,2.761,3.618,3.64,0.526,0.791,0.503,1.226,0.422,0.15,0.145,0.219,0.139,0.339,0.117,0.041,1.05,1.57,2.44,0.84,0.3,1.003,2.789,3.655,0.256,0.712,0.933,78.5,96.0,97.5,0.0,2287.9,0.0,16009413.0,Food Prices for Nutrition 1.0,FPN 1.0,Cambodia,KHM,2017,YR2017
132,0.894,2.065,2.616,2.93,0.447,0.592,0.48,0.837,0.144,0.116,0.171,0.226,0.183,0.32,0.055,0.044,0.93,1.23,1.74,0.3,0.24,0.903,2.086,2.642,0.385,0.89,1.128,16.8,50.7,60.9,4.1,12.5,15.0,24566070.0,Food Prices for Nutrition 1.0,FPN 1.0,Cameroon,CMR,2017,YR2017
136,0.673,2.111,2.863,4.25,0.673,0.605,0.43,0.766,0.31,0.078,0.235,0.211,0.15,0.268,0.108,0.027,1.57,1.41,1.78,0.72,0.18,0.68,2.132,2.892,0.106,0.333,0.451,0.0,0.5,0.7,0.0,0.2,0.3,36545295.0,Food Prices for Nutrition 1.0,FPN 1.0,Canada,CAN,2017,YR2017
140,1.095,2.231,2.928,2.67,0.654,0.75,0.556,0.585,0.257,0.125,0.223,0.256,0.19,0.2,0.088,0.043,1.18,1.35,1.05,0.46,0.22,1.106,2.254,2.958,0.175,0.358,0.469,0.0,0.0,0.0,381.2,2287.9,0.0,63382.0,Food Prices for Nutrition 1.0,FPN 1.0,Cayman Islands,CYM,2017,YR2017
144,1.021,1.706,3.423,3.35,0.345,0.955,0.525,1.284,0.141,0.174,0.101,0.279,0.153,0.375,0.041,0.051,0.66,1.82,2.45,0.27,0.33,1.031,1.723,3.458,0.823,1.376,2.761,70.3,85.4,95.4,3.2,3.9,4.4,4596023.0,Food Prices for Nutrition 1.0,FPN 1.0,Central African Republic,CAF,2017,YR2017
148,0.709,1.761,2.831,3.99,0.39,0.703,0.497,0.882,0.187,0.172,0.138,0.248,0.176,0.312,0.066,0.061,0.78,1.41,1.77,0.38,0.35,0.716,1.779,2.86,0.365,0.907,1.458,13.9,65.0,84.9,2.1,9.8,12.8,15016761.0,Food Prices for Nutrition 1.0,FPN 1.0,Chad,TCD,2017,YR2017
152,0.644,2.179,3.053,4.74,0.619,0.94,0.352,0.765,0.261,0.116,0.203,0.308,0.115,0.251,0.085,0.038,1.76,2.67,2.17,0.74,0.33,0.651,2.201,3.084,0.104,0.35,0.491,0.2,1.2,3.4,0.0,0.2,0.6,18470435.0,Food Prices for Nutrition 1.0,FPN 1.0,Chile,CHL,2017,YR2017
156,0.848,2.111,2.571,3.03,0.617,0.478,0.429,0.672,0.281,0.093,0.24,0.186,0.167,0.261,0.109,0.036,1.44,1.11,1.57,0.66,0.22,0.857,2.132,2.597,0.308,0.767,0.935,0.2,8.0,14.3,2.3,111.7,199.3,1396215000.0,Food Prices for Nutrition 1.0,FPN 1.0,China,CHN,2017,YR2017
160,0.991,2.526,2.863,2.89,0.492,0.617,0.548,0.798,0.262,0.146,0.172,0.216,0.191,0.279,0.092,0.051,0.9,1.13,1.46,0.48,0.27,1.001,2.552,2.892,0.223,0.569,0.645,3.5,20.3,24.7,1.7,9.9,12.1,48909844.0,Food Prices for Nutrition 1.0,FPN 1.0,Colombia,COL,2017,YR2017
164,1.101,3.461,1.822,1.306955435,1.997,1.785,0.147,1.583,0.069,0.052,0.065,0.487,0.067,0.413,0.264,0.015,0.41,4.46,0.54,0.12,0.06,1.112,3.496,6.035,0.297,0.934,5.272,0.0,0.0,0.0,0.0,2287.9,3125.1,813890.0,Food Prices for Nutrition 1.0,FPN 1.0,Comoros,COM,2017,YR2017
168,0.56,2.049,2.921,5.22,0.315,0.804,0.383,1.207,0.136,0.076,0.108,0.275,0.131,0.413,0.047,0.026,0.82,2.1,3.15,0.36,0.2,0.566,2.07,2.951,0.36,1.318,1.878,38.5,91.5,96.4,31.3,74.5,78.5,81398765.0,Food Prices for Nutrition 1.0,FPN 1.0,"Congo, Dem. Rep.",COD,2017,YR2017
172,0.987,2.576,3.343,3.39,0.733,1.12,0.532,0.633,0.224,0.1,0.219,0.335,0.159,0.189,0.067,0.03,1.38,2.11,1.19,0.42,0.19,0.997,2.602,3.377,0.449,1.171,1.52,46.4,85.3,91.6,2.4,4.4,4.7,5110701.0,Food Prices for Nutrition 1.0,FPN 1.0,"Congo, Rep.",COG,2017,YR2017
176,0.973,2.824,3.961,4.07,0.587,1.388,0.617,0.863,0.411,0.094,0.148,0.35,0.156,0.218,0.104,0.024,0.95,2.25,1.4,0.67,0.15,0.983,2.853,4.001,0.158,0.458,0.642,0.8,8.1,16.2,0.0,0.4,0.8,4949955.0,Food Prices for Nutrition 1.0,FPN 1.0,Costa Rica,CRI,2017,YR2017
180,0.815,1.619,3.273,4.02,0.39,1.041,0.434,1.111,0.149,0.148,0.119,0.318,0.133,0.339,0.046,0.045,0.9,2.4,2.56,0.34,0.34,0.823,1.635,3.306,0.258,0.513,1.038,7.6,37.5,76.5,1.9,9.2,18.7,24437475.0,Food Prices for Nutrition 1.0,FPN 1.0,Côte d'Ivoire,CIV,2017,YR2017
184,0.663,3.211,4.168,6.29,0.95,1.138,0.496,0.955,0.556,0.073,0.228,0.273,0.119,0.229,0.133,0.018,1.92,2.29,1.93,1.12,0.15,0.67,3.243,4.21,0.077,0.371,0.481,0.4,3.8,7.2,0.0,0.2,0.3,4124531.0,Food Prices for Nutrition 1.0,FPN 1.0,Croatia,HRV,2017,YR2017
188,1.137,2.396,2.866,2.52,0.466,0.711,0.607,0.673,0.295,0.114,0.163,0.248,0.212,0.235,0.103,0.04,0.77,1.17,1.11,0.49,0.19,1.148,2.42,2.895,0.218,0.459,0.549,0.0,0.0,97.5,0.0,0.0,0.0,160175.0,Food Prices for Nutrition 1.0,FPN 1.0,Curacao,CUW,2017,YR2017
192,0.577,2.068,2.846,4.93,0.724,0.65,0.416,0.697,0.279,0.08,0.254,0.228,0.146,0.245,0.098,0.028,1.74,1.56,1.68,0.67,0.19,0.583,2.089,2.875,0.095,0.34,0.468,0.0,0.1,0.1,0.0,0.0,0.0,1179685.0,Food Prices for Nutrition 1.0,FPN 1.0,Cyprus,CYP,2017,YR2017
196,0.441,2.361,2.899,6.57,0.693,0.757,0.297,0.7,0.377,0.076,0.239,0.261,0.102,0.241,0.13,0.026,2.33,2.55,2.36,1.27,0.26,0.445,2.385,2.928,0.058,0.313,0.384,0.0,0.2,0.4,0.0,0.0,0.0,10594438.0,Food Prices for Nutrition 1.0,FPN 1.0,Czech Republic,CZE,2017,YR2017
200,0.3,1.728,2.376,7.92,0.546,0.78,0.235,0.498,0.263,0.053,0.23,0.328,0.099,0.21,0.111,0.022,2.32,3.32,2.12,1.12,0.23,0.303,1.745,2.4,0.044,0.253,0.348,0.1,0.2,0.2,0.0,0.0,0.0,5764980.0,Food Prices for Nutrition 1.0,FPN 1.0,Denmark,DNK,2017,YR2017
204,0.616,2.459,2.797,4.54,0.556,0.529,0.449,0.988,0.165,0.111,0.199,0.189,0.161,0.353,0.059,0.04,1.24,1.18,2.2,0.37,0.25,0.622,2.484,2.825,0.257,1.026,1.167,5.3,56.9,64.6,0.1,0.5,0.6,944100.0,Food Prices for Nutrition 1.0,FPN 1.0,Djibouti,DJI,2017,YR2017
208,1.217,3.478,4.0,3.29,0.66,1.226,0.764,0.841,0.363,0.146,0.165,0.307,0.191,0.21,0.091,0.037,0.86,1.6,1.1,0.48,0.19,1.229,3.513,4.04,0.265,0.756,0.87,78.5,96.0,97.5,0.0,2287.9,3125.1,71460.0,Food Prices for Nutrition 1.0,FPN 1.0,Dominica,DMA,2017,YR2017
212,1.181,2.876,3.521,2.98,0.534,0.865,0.681,0.898,0.362,0.181,0.152,0.246,0.193,0.255,0.103,0.051,0.78,1.27,1.32,0.53,0.27,1.193,2.905,3.557,0.152,0.371,0.455,0.9,13.1,21.2,0.1,1.4,2.2,10513111.0,Food Prices for Nutrition 1.0,FPN 1.0,Dominican Republic,DOM,2017,YR2017
216,0.973,2.62,3.7,10.88,0.821,0.842,0.617,0.933,0.363,0.124,0.423,0.108,0.316,0.413,0.264,0.015,0.41,0.52,4.05,0.12,0.79,2.988,5.925,1.627,1.44,0.167,0.247,1.0,15.1,24.6,22.4,341.1,553.2,2285841820.0,Food Prices for Nutrition 1.0,FPN 1.0,East Asia & Pacific,EAS,2017,YR2017
220,1.348,2.512,2.788,2.07,0.329,0.426,0.81,0.753,0.341,0.129,0.118,0.153,0.291,0.27,0.122,0.046,0.41,0.53,0.93,0.42,0.16,1.362,2.537,2.816,0.314,0.586,0.65,4.7,16.0,18.9,0.8,2.7,3.2,16785356.0,Food Prices for Nutrition 1.0,FPN 1.0,Ecuador,ECU,2017,YR2017
224,0.988,2.29,3.457,3.5,0.531,0.489,0.58,1.209,0.384,0.264,0.154,0.141,0.168,0.35,0.111,0.076,0.92,0.84,2.08,0.66,0.46,0.998,2.313,3.492,0.082,0.189,0.286,2.0,44.9,76.2,2.0,43.3,73.5,96442590.0,Food Prices for Nutrition 1.0,FPN 1.0,"Egypt, Arab Rep.",EGY,2017,YR2017
228,1.46,5.866,1.822,1.306955435,1.997,0.303,1.477,0.377,0.875,0.453,0.423,0.108,0.316,0.413,0.022,0.106,3.67,0.52,0.54,0.12,0.79,1.475,5.925,1.627,0.271,1.089,0.247,78.5,96.0,0.0,381.2,2287.9,3125.1,6388124.0,Food Prices for Nutrition 1.0,FPN 1.0,El Salvador,SLV,2017,YR2017
232,0.768,1.865,3.526,4.59,0.593,1.152,0.623,0.804,0.234,0.119,0.168,0.327,0.177,0.228,0.066,0.034,0.95,1.85,1.29,0.38,0.19,0.776,1.884,3.562,0.08,0.193,0.365,0.0,0.0,97.5,381.2,2287.9,0.0,1262008.0,Food Prices for Nutrition 1.0,FPN 1.0,Equatorial Guinea,GNQ,2017,YR2017
236,0.418,2.554,3.125,7.48,0.742,0.542,0.333,0.752,0.671,0.085,0.237,0.173,0.107,0.241,0.215,0.027,2.23,1.63,2.26,2.02,0.26,0.422,2.58,3.157,0.05,0.304,0.372,0.2,0.7,1.0,0.0,0.0,0.0,1317384.0,Food Prices for Nutrition 1.0,FPN 1.0,Estonia,EST,2017,YR2017
240,0.931,2.244,3.428,3.68,0.524,0.766,0.506,1.136,0.342,0.154,0.153,0.223,0.148,0.331,0.1,0.045,1.04,1.51,2.25,0.68,0.3,0.94,2.267,3.463,0.153,0.368,0.562,22.8,60.4,74.8,0.3,0.7,0.8,1124808.0,Food Prices for Nutrition 1.0,FPN 1.0,Eswatini,SWZ,2017,YR2017
244,0.721,2.004,3.108,4.31,0.777,0.545,0.444,0.882,0.271,0.189,0.25,0.175,0.143,0.284,0.087,0.061,1.75,1.23,1.99,0.61,0.43,0.728,2.024,3.139,0.508,1.411,2.188,10.3,69.9,88.3,10.9,74.4,94.0,106399926.0,Food Prices for Nutrition 1.0,FPN 1.0,Ethiopia,ETH,2017,YR2017
248,0.545,2.232,2.954,1.306955435,0.684,0.687,0.372,0.749,0.371,0.09,0.065,0.108,0.316,0.123,0.022,0.015,3.67,4.46,0.54,0.12,0.06,0.234,5.925,6.035,0.032,3.913,0.247,0.2,2.0,4.0,1.7,16.9,32.7,825534541.0,Food Prices for Nutrition 1.0,FPN 1.0,Europe & Central Asia,ECS,2017,YR2017
252,0.849,2.558,3.612,4.25,0.914,0.795,0.516,1.001,0.198,0.187,0.253,0.22,0.143,0.277,0.055,0.052,1.77,1.54,1.94,0.38,0.36,0.858,2.584,3.648,0.11,0.331,0.468,0.3,26.9,51.5,0.0,0.2,0.5,877460.0,Food Prices for Nutrition 1.0,FPN 1.0,Fiji,FJI,2017,YR2017
256,0.28,2.465,2.545,9.09,0.597,0.727,0.195,0.543,0.407,0.077,0.235,0.286,0.077,0.213,0.16,0.03,3.06,3.73,2.78,2.09,0.39,0.283,2.49,2.571,0.039,0.347,0.358,0.1,0.1,0.1,0.0,0.0,0.0,5508214.0,Food Prices for Nutrition 1.0,FPN 1.0,Finland,FIN,2017,YR2017
260,0.315,1.874,2.936,9.32,0.859,0.848,0.246,0.64,0.277,0.066,0.293,0.289,0.084,0.218,0.094,0.022,3.49,3.45,2.6,1.13,0.27,0.318,1.893,2.966,0.04,0.238,0.373,0.0,0.0,0.1,0.0,0.0,0.0,66918020.0,Food Prices for Nutrition 1.0,FPN 1.0,France,FRA,2017,YR2017
264,0.956,2.57,3.358,3.51,0.568,1.174,0.553,0.735,0.221,0.106,0.169,0.35,0.165,0.219,0.066,0.032,1.03,2.12,1.33,0.4,0.19,0.966,2.596,3.392,0.22,0.592,0.773,2.4,23.3,36.0,0.1,0.5,0.7,2064812.0,Food Prices for Nutrition 1.0,FPN 1.0,Gabon,GAB,2017,YR2017
268,0.983,2.529,2.942,2.99,0.659,0.897,0.49,0.589,0.141,0.165,0.224,0.305,0.167,0.2,0.048,0.056,1.34,1.83,1.2,0.29,0.34,0.993,2.555,2.972,0.39,1.003,1.167,7.5,58.9,69.2,0.2,1.3,1.5,2213900.0,Food Prices for Nutrition 1.0,FPN 1.0,"Gambia, The",GMB,2017,YR2017
272,0.262,2.224,2.786,10.63,0.714,0.816,0.235,0.666,0.301,0.052,0.256,0.293,0.084,0.239,0.108,0.019,3.04,3.47,2.83,1.28,0.22,0.265,2.246,2.814,0.036,0.307,0.384,0.0,0.2,0.2,0.0,0.2,0.2,82657002.0,Food Prices for Nutrition 1.0,FPN 1.0,Germany,DEU,2017,YR2017
276,0.824,2.516,3.767,4.57,0.395,1.263,0.552,1.235,0.172,0.15,0.105,0.335,0.147,0.328,0.046,0.04,0.72,2.29,2.24,0.31,0.27,0.832,2.541,3.805,0.501,1.528,2.288,7.7,43.2,64.4,2.2,12.6,18.8,29121464.0,Food Prices for Nutrition 1.0,FPN 1.0,Ghana,GHA,2017,YR2017
280,0.672,2.557,3.037,4.52,0.581,0.742,0.41,0.797,0.41,0.096,0.191,0.244,0.135,0.262,0.135,0.032,1.42,1.81,1.94,1.0,0.23,0.679,2.583,3.068,0.076,0.291,0.345,0.5,2.9,4.3,0.1,0.3,0.5,10754679.0,Food Prices for Nutrition 1.0,FPN 1.0,Greece,GRC,2017,YR2017
284,1.328,3.767,5.382,4.05,1.207,1.189,0.781,1.335,0.69,0.18,0.224,0.221,0.145,0.248,0.128,0.033,1.55,1.52,1.71,0.88,0.23,1.341,3.805,5.436,0.165,0.469,0.67,0.0,96.0,97.5,0.0,2287.9,3125.1,110874.0,Food Prices for Nutrition 1.0,FPN 1.0,Grenada,GRD,2017,YR2017
288,0.904,2.215,3.655,4.04,0.453,1.781,0.495,0.559,0.188,0.179,0.124,0.487,0.135,0.153,0.051,0.049,0.92,3.6,1.13,0.38,0.36,0.913,2.237,3.692,0.246,0.603,0.995,16.3,75.8,94.3,2.0,9.1,11.4,12067516.0,Food Prices for Nutrition 1.0,FPN 1.0,Guinea,GIN,2017,YR2017
292,0.925,1.857,3.164,3.42,0.528,1.277,0.576,0.569,0.069,0.146,0.167,0.404,0.182,0.18,0.022,0.046,0.92,2.22,0.99,0.12,0.25,0.934,1.876,3.196,0.261,0.524,0.893,22.6,64.6,87.4,0.4,1.2,1.6,1828146.0,Food Prices for Nutrition 1.0,FPN 1.0,Guinea-Bissau,GNB,2017,YR2017
296,0.727,3.606,4.629,6.37,1.282,1.117,0.509,0.922,0.666,0.132,0.277,0.241,0.11,0.199,0.144,0.029,2.52,2.19,1.81,1.31,0.26,0.734,3.642,4.676,0.185,0.918,1.179,4.6,34.2,47.8,0.0,0.3,0.4,775218.0,Food Prices for Nutrition 1.0,FPN 1.0,Guyana,GUY,2017,YR2017
300,1.095,2.929,3.93,3.59,0.377,0.845,0.646,1.583,0.35,0.128,0.096,0.215,0.164,0.403,0.089,0.033,0.58,1.31,2.45,0.54,0.2,1.106,2.959,3.97,0.411,1.1,1.476,21.5,70.8,82.7,2.4,7.8,9.1,10982367.0,Food Prices for Nutrition 1.0,FPN 1.0,Haiti,HTI,2017,YR2017
304,0.709,2.401,3.138,1.306955435,0.688,0.799,0.452,0.744,0.353,0.101,0.423,0.487,0.316,0.123,0.022,0.106,0.41,0.52,0.54,0.12,0.06,0.234,1.047,6.035,0.032,3.913,5.272,0.6,1.0,1.5,6.7,11.2,17.4,1194816765.0,Food Prices for Nutrition 1.0,FPN 1.0,High income,HIC,2017,YR2017
308,1.146,3.472,3.36,2.93,0.484,0.68,0.637,1.083,0.229,0.248,0.144,0.202,0.19,0.322,0.068,0.074,0.76,1.07,1.7,0.36,0.39,1.158,3.507,3.394,0.326,0.988,0.956,16.9,55.2,53.7,1.6,5.2,5.1,9429016.0,Food Prices for Nutrition 1.0,FPN 1.0,Honduras,HND,2017,YR2017
312,0.908,2.316,3.659,4.03,0.675,0.742,0.745,1.034,0.304,0.16,0.184,0.203,0.204,0.283,0.083,0.044,0.91,1.0,1.39,0.41,0.21,0.917,2.339,3.696,0.08,0.203,0.321,0.0,0.0,0.0,381.2,2287.9,3125.1,7391700.0,Food Prices for Nutrition 1.0,FPN 1.0,"Hong Kong SAR, China",HKG,2017,YR2017
316,0.434,2.258,3.302,7.61,0.828,0.754,0.407,0.805,0.42,0.089,0.251,0.228,0.123,0.244,0.127,0.027,2.03,1.85,1.98,1.03,0.22,0.438,2.281,3.335,0.065,0.336,0.491,0.3,1.7,3.3,0.0,0.2,0.3,9787966.0,Food Prices for Nutrition 1.0,FPN 1.0,Hungary,HUN,2017,YR2017
320,0.378,2.422,2.213,5.85,0.484,0.525,0.277,0.596,0.277,0.055,0.219,0.237,0.125,0.269,0.125,0.025,1.75,1.9,2.15,1.0,0.2,0.382,2.446,2.235,0.042,0.271,0.247,0.0,0.0,0.0,0.0,0.0,0.0,343400.0,Food Prices for Nutrition 1.0,FPN 1.0,Iceland,ISL,2017,YR2017
324,0.789,2.125,2.824,3.58,0.504,0.588,0.407,0.892,0.292,0.142,0.178,0.208,0.144,0.316,0.103,0.05,1.24,1.44,2.19,0.72,0.35,0.797,2.146,2.853,0.274,0.737,0.979,2.1,57.3,74.9,28.8,766.6,1002.5,1338676779.0,Food Prices for Nutrition 1.0,FPN 1.0,India,IND,2017,YR2017
328,1.021,2.664,4.129,4.04,0.792,1.16,0.69,0.929,0.429,0.13,0.192,0.281,0.167,0.225,0.104,0.031,1.15,1.68,1.35,0.62,0.19,1.031,2.691,4.171,0.209,0.545,0.844,3.4,47.0,70.7,9.0,124.3,187.2,264650969.0,Food Prices for Nutrition 1.0,FPN 1.0,Indonesia,IDN,2017,YR2017
332,0.871,2.009,3.005,3.45,0.627,0.49,0.444,0.704,0.575,0.165,0.209,0.163,0.148,0.234,0.191,0.055,1.41,1.1,1.59,1.3,0.37,0.88,2.029,3.035,0.218,0.503,0.753,0.1,4.0,12.0,0.1,3.2,9.6,80673888.0,Food Prices for Nutrition 1.0,FPN 1.0,"Iran, Islamic Rep.",IRN,2017,YR2017
336,1.165,2.505,3.378,2.9,0.654,0.667,0.639,0.999,0.285,0.133,0.194,0.197,0.189,0.296,0.084,0.039,1.02,1.04,1.56,0.45,0.21,1.177,2.53,3.412,0.25,0.538,0.726,1.7,30.1,53.3,0.6,11.3,20.0,37552789.0,Food Prices for Nutrition 1.0,FPN 1.0,Iraq,IRQ,2017,YR2017
340,0.568,2.026,2.397,4.22,0.621,0.582,0.326,0.523,0.285,0.06,0.259,0.243,0.136,0.218,0.119,0.025,1.9,1.79,1.6,0.87,0.18,0.574,2.046,2.421,0.116,0.415,0.491,0.2,0.3,0.3,0.0,0.0,0.0,4807388.0,Food Prices for Nutrition 1.0,FPN 1.0,Ireland,IRL,2017,YR2017
344,0.503,1.898,2.436,4.84,0.562,0.397,0.345,0.842,0.216,0.074,0.231,0.163,0.142,0.346,0.089,0.03,1.63,1.15,2.44,0.63,0.21,0.508,1.917,2.461,0.062,0.233,0.299,0.2,1.2,1.7,0.0,0.1,0.2,8713300.0,Food Prices for Nutrition 1.0,FPN 1.0,Israel,ISR,2017,YR2017
348,0.312,2.226,2.885,9.25,0.812,0.751,0.221,0.778,0.266,0.057,0.281,0.26,0.077,0.27,0.092,0.02,3.67,3.4,3.52,1.2,0.26,0.315,2.248,2.914,0.035,0.251,0.325,1.0,2.1,2.9,0.6,1.3,1.7,60536709.0,Food Prices for Nutrition 1.0,FPN 1.0,Italy,ITA,2017,YR2017
352,1.015,4.057,5.975,5.89,1.997,1.454,0.684,1.144,0.454,0.242,0.334,0.243,0.114,0.191,0.076,0.041,2.92,2.13,1.67,0.66,0.35,1.025,4.098,6.035,0.156,0.623,0.917,1.5,45.6,64.7,0.0,1.3,1.9,2920848.0,Food Prices for Nutrition 1.0,FPN 1.0,Jamaica,JAM,2017,YR2017
356,2.958,3.557,5.529,1.87,1.003,1.567,1.477,0.887,0.51,0.085,0.181,0.283,0.267,0.16,0.092,0.015,0.68,1.06,0.6,0.35,0.06,2.988,3.593,5.585,0.343,0.412,0.64,1.2,1.2,2.5,1.5,1.5,3.2,126785797.0,Food Prices for Nutrition 1.0,FPN 1.0,Japan,JPN,2017,YR2017
360,0.643,1.61,3.412,5.31,0.604,0.667,0.402,1.288,0.324,0.127,0.177,0.195,0.118,0.377,0.095,0.037,1.5,1.66,3.2,0.81,0.32,0.649,1.626,3.446,0.138,0.345,0.732,0.0,0.6,15.8,0.0,0.1,1.6,9785840.0,Food Prices for Nutrition 1.0,FPN 1.0,Jordan,JOR,2017,YR2017
364,0.653,1.753,2.391,3.66,0.356,0.344,0.43,0.672,0.466,0.124,0.149,0.144,0.18,0.281,0.195,0.052,0.83,0.8,1.56,1.08,0.29,0.66,1.771,2.415,0.077,0.207,0.283,0.0,0.3,1.5,0.0,0.1,0.3,18037776.0,Food Prices for Nutrition 1.0,FPN 1.0,Kazakhstan,KAZ,2017,YR2017
368,0.767,1.851,2.846,3.71,0.569,0.515,0.432,0.935,0.216,0.179,0.2,0.181,0.152,0.329,0.076,0.063,1.32,1.19,2.16,0.5,0.41,0.775,1.87,2.875,0.213,0.514,0.79,18.0,66.6,83.5,9.0,33.4,41.9,50221146.0,Food Prices for Nutrition 1.0,FPN 1.0,Kenya,KEN,2017,YR2017
372,0.669,4.242,4.712,7.04,1.331,1.265,0.485,1.188,0.365,0.078,0.282,0.268,0.103,0.252,0.077,0.017,2.74,2.61,2.45,0.75,0.16,0.676,4.285,4.76,0.129,0.817,0.908,0.0,1.5,1.7,0.0,0.8,0.9,51361911.0,Food Prices for Nutrition 1.0,FPN 1.0,"Korea, Rep.",KOR,2017,YR2017
376,0.341,1.791,3.344,9.81,0.64,0.924,0.253,1.024,0.333,0.169,0.191,0.276,0.076,0.306,0.1,0.051,2.53,3.65,4.05,1.32,0.67,0.344,1.809,3.378,0.054,0.282,0.526,0.0,96.0,0.0,0.0,0.0,0.0,4056102.0,Food Prices for Nutrition 1.0,FPN 1.0,Kuwait,KWT,2017,YR2017
380,0.965,2.459,2.97,3.08,0.466,0.445,0.529,0.796,0.562,0.172,0.157,0.15,0.178,0.268,0.189,0.058,0.88,0.84,1.5,1.06,0.33,0.975,2.484,3.0,0.22,0.56,0.676,0.7,39.1,56.6,0.0,2.4,3.5,6198200.0,Food Prices for Nutrition 1.0,FPN 1.0,Kyrgyz Republic,KGZ,2017,YR2017
384,0.724,2.901,3.776,5.22,0.736,0.892,0.478,1.105,0.394,0.172,0.195,0.236,0.127,0.293,0.104,0.046,1.54,1.87,2.31,0.82,0.36,0.731,2.93,3.814,0.171,0.687,0.894,1.7,68.5,80.6,0.1,4.8,5.6,6953031.0,Food Prices for Nutrition 1.0,FPN 1.0,Lao PDR,LAO,2017,YR2017
388,1.09,3.056,3.619,1.306955435,0.658,0.885,0.615,0.882,0.427,0.153,0.065,0.487,0.067,0.413,0.022,0.015,0.41,0.52,4.05,0.12,0.06,2.988,1.047,6.035,0.032,3.913,5.272,2.9,18.1,22.4,16.7,102.6,126.8,574267763.0,Food Prices for Nutrition 1.0,FPN 1.0,Latin America & Caribbean,LCN,2017,YR2017
392,0.442,2.029,3.124,7.07,0.648,0.921,0.335,0.794,0.314,0.111,0.207,0.295,0.107,0.254,0.101,0.036,1.93,2.75,2.37,0.94,0.33,0.446,2.049,3.156,0.06,0.278,0.428,0.2,1.7,3.4,0.0,0.0,0.1,1942248.0,Food Prices for Nutrition 1.0,FPN 1.0,Latvia,LVA,2017,YR2017
396,0.608,2.306,3.77,6.2,0.838,0.788,0.462,1.172,0.362,0.148,0.222,0.209,0.123,0.311,0.096,0.039,1.81,1.71,2.54,0.78,0.32,0.614,2.329,3.808,0.236,0.895,1.463,9.0,59.7,80.2,0.2,1.2,1.7,2091532.0,Food Prices for Nutrition 1.0,FPN 1.0,Lesotho,LSO,2017,YR2017
400,0.971,2.982,4.018,4.14,0.901,0.84,1.27,0.685,0.229,0.092,0.224,0.209,0.316,0.17,0.057,0.023,0.71,0.66,0.54,0.18,0.07,0.981,3.012,4.059,1.274,3.913,5.272,37.8,92.4,97.1,1.8,4.3,4.6,4702224.0,Food Prices for Nutrition 1.0,FPN 1.0,Liberia,LBR,2017,YR2017
404,0.505,1.969,3.003,5.95,0.67,0.834,0.368,0.702,0.343,0.086,0.223,0.278,0.123,0.234,0.114,0.029,1.82,2.27,1.91,0.93,0.23,0.51,1.989,3.033,0.044,0.173,0.263,0.8,1.6,3.6,0.0,0.0,0.1,2828403.0,Food Prices for Nutrition 1.0,FPN 1.0,Lithuania,LTU,2017,YR2017
408,0.835,2.038,3.084,1.306955435,0.495,0.761,0.533,0.941,0.192,0.16,0.423,0.108,0.316,0.123,0.264,0.106,0.41,4.46,4.05,2.3,0.06,2.988,5.925,1.627,0.032,3.913,0.247,22.4,76.2,90.2,105.5,359.2,425.6,479395884.0,Food Prices for Nutrition 1.0,FPN 1.0,Low income,LIC,2017,YR2017
412,0.945,2.507,3.398,10.88,0.639,0.762,0.53,0.99,0.321,0.156,0.065,0.108,0.316,0.123,0.264,0.015,0.41,0.52,0.54,2.3,0.06,0.234,5.925,1.627,0.032,3.913,5.272,7.8,51.4,71.5,240.3,1584.1,2205.0,3106274008.0,Food Prices for Nutrition 1.0,FPN 1.0,Lower middle income,LMC,2017,YR2017
416,0.335,2.038,2.492,7.44,0.762,0.53,0.208,0.656,0.28,0.056,0.306,0.213,0.083,0.263,0.112,0.022,3.66,2.55,3.15,1.35,0.27,0.338,2.059,2.517,0.04,0.244,0.298,0.1,0.4,0.4,0.0,0.0,0.0,596336.0,Food Prices for Nutrition 1.0,FPN 1.0,Luxembourg,LUX,2017,YR2017
420,1.079,2.589,2.987,2.77,0.563,0.324,0.555,1.02,0.328,0.197,0.188,0.108,0.186,0.341,0.11,0.066,1.01,0.58,1.84,0.59,0.35,1.09,2.615,3.017,0.588,1.41,1.627,77.8,95.8,97.1,19.9,24.5,24.8,25570511.0,Food Prices for Nutrition 1.0,FPN 1.0,Madagascar,MDG,2017,YR2017
424,0.285,1.616,2.724,9.56,0.396,0.61,0.328,1.085,0.13,0.176,0.145,0.224,0.12,0.398,0.048,0.065,1.21,1.86,3.31,0.4,0.54,0.288,1.632,2.752,0.219,1.243,2.095,3.5,86.3,95.5,0.6,15.3,16.9,17670193.0,Food Prices for Nutrition 1.0,FPN 1.0,Malawi,MWI,2017,YR2017
428,0.909,2.384,3.224,3.55,0.929,0.648,0.456,0.83,0.294,0.067,0.288,0.201,0.141,0.257,0.091,0.021,2.04,1.42,1.82,0.64,0.15,0.918,2.408,3.257,0.104,0.274,0.371,0.0,0.8,2.6,0.0,0.2,0.8,31104655.0,Food Prices for Nutrition 1.0,FPN 1.0,Malaysia,MYS,2017,YR2017
432,0.423,2.686,3.581,8.47,0.861,1.067,0.239,0.906,0.409,0.099,0.24,0.298,0.067,0.253,0.114,0.028,3.6,4.46,3.79,1.71,0.41,0.427,2.713,3.617,0.145,0.919,1.225,0.0,0.9,4.2,0.0,0.0,0.0,496398.0,Food Prices for Nutrition 1.0,FPN 1.0,Maldives,MDV,2017,YR2017
436,0.6,1.985,2.9,4.83,0.543,0.648,0.43,1.003,0.134,0.143,0.187,0.223,0.148,0.346,0.046,0.049,1.26,1.51,2.33,0.31,0.33,0.606,2.005,2.929,0.233,0.77,1.126,2.4,61.6,80.1,0.4,11.4,14.8,18512429.0,Food Prices for Nutrition 1.0,FPN 1.0,Mali,MLI,2017,YR2017
440,0.741,2.647,3.494,4.72,0.931,0.73,0.508,0.795,0.45,0.08,0.266,0.209,0.145,0.228,0.129,0.023,1.83,1.44,1.56,0.89,0.16,0.748,2.674,3.529,0.109,0.388,0.512,0.1,0.3,0.3,0.0,0.0,0.0,467999.0,Food Prices for Nutrition 1.0,FPN 1.0,Malta,MLT,2017,YR2017
444,0.877,2.814,3.451,3.94,0.804,0.87,0.463,0.96,0.194,0.16,0.233,0.252,0.134,0.278,0.056,0.046,1.74,1.88,2.07,0.42,0.35,0.886,2.842,3.486,0.263,0.845,1.036,2.9,49.2,62.9,0.1,2.1,2.7,4282582.0,Food Prices for Nutrition 1.0,FPN 1.0,Mauritania,MRT,2017,YR2017
448,0.814,2.519,3.313,4.07,0.565,1.07,0.407,0.876,0.296,0.1,0.171,0.323,0.123,0.264,0.089,0.03,1.39,2.63,2.15,0.73,0.25,0.822,2.544,3.346,0.078,0.242,0.318,0.0,6.0,14.8,0.0,0.1,0.2,1264613.0,Food Prices for Nutrition 1.0,FPN 1.0,Mauritius,MUS,2017,YR2017
452,0.643,2.483,2.993,4.65,0.599,0.771,0.411,0.766,0.35,0.096,0.2,0.258,0.137,0.256,0.117,0.032,1.46,1.88,1.86,0.85,0.23,0.649,2.508,3.023,0.082,0.315,0.38,0.8,18.6,26.1,1.0,23.2,32.6,124777326.0,Food Prices for Nutrition 1.0,FPN 1.0,Mexico,MEX,2017,YR2017
456,0.737,2.032,3.14,10.88,0.652,0.601,0.461,0.941,0.345,0.141,0.423,0.487,0.316,0.413,0.022,0.015,0.41,0.52,4.05,2.3,0.79,2.988,1.047,6.035,1.44,0.167,5.272,0.9,19.2,38.7,2.9,64.6,130.4,382968401.0,Food Prices for Nutrition 1.0,FPN 1.0,Middle East & North Africa,MEA,2017,YR2017
460,0.802,1.683,2.46,3.07,0.432,0.339,0.462,0.746,0.36,0.121,0.176,0.138,0.188,0.303,0.146,0.049,0.94,0.73,1.61,0.78,0.26,0.81,1.7,2.485,0.116,0.243,0.355,0.0,0.7,5.9,0.0,0.0,0.2,2755158.0,Food Prices for Nutrition 1.0,FPN 1.0,Moldova,MDA,2017,YR2017
464,0.743,2.259,4.544,6.12,1.921,0.68,0.553,0.756,0.468,0.167,0.423,0.15,0.122,0.166,0.103,0.037,3.47,1.23,1.37,0.85,0.3,0.751,2.282,4.59,0.16,0.487,0.979,0.1,12.7,55.3,0.0,0.4,1.7,3113788.0,Food Prices for Nutrition 1.0,FPN 1.0,Mongolia,MNG,2017,YR2017
468,0.551,2.294,3.397,6.17,0.833,0.829,0.425,0.862,0.367,0.081,0.245,0.244,0.125,0.254,0.108,0.024,1.96,1.95,2.03,0.86,0.19,0.557,2.317,3.431,0.05,0.209,0.31,1.6,9.5,17.4,0.0,0.1,0.1,622373.0,Food Prices for Nutrition 1.0,FPN 1.0,Montenegro,MNE,2017,YR2017
472,1.381,3.684,4.883,3.54,0.876,1.785,0.76,0.799,0.462,0.201,0.179,0.366,0.156,0.164,0.095,0.041,1.15,2.35,1.05,0.61,0.26,1.395,3.721,4.932,0.222,0.591,0.784,0.0,96.0,97.5,381.2,2287.9,0.0,7262444211.0,Food Prices for Nutrition 1.0,FPN 1.0,Montserrat,MSR,2017,YR2017
476,0.608,1.912,2.71,4.46,0.539,0.485,0.41,0.798,0.358,0.119,0.199,0.179,0.151,0.294,0.132,0.044,1.31,1.18,1.95,0.87,0.29,0.614,1.931,2.737,0.144,0.452,0.641,0.1,7.1,18.9,0.0,2.5,6.7,35581257.0,Food Prices for Nutrition 1.0,FPN 1.0,Morocco,MAR,2017,YR2017
480,0.383,1.969,3.031,7.91,0.389,0.843,0.408,0.993,0.208,0.191,0.128,0.278,0.135,0.328,0.069,0.063,0.95,2.07,2.43,0.51,0.47,0.387,1.989,3.062,0.244,1.255,1.932,13.3,83.5,91.3,3.8,23.9,26.2,28649007.0,Food Prices for Nutrition 1.0,FPN 1.0,Mozambique,MOZ,2017,YR2017
484,0.91,2.6,3.706,4.07,0.64,0.913,0.645,1.029,0.368,0.111,0.173,0.246,0.174,0.278,0.099,0.03,0.99,1.42,1.6,0.57,0.17,0.919,2.626,3.743,0.254,0.726,1.034,0.6,39.2,68.1,0.3,20.9,36.3,53382521.0,Food Prices for Nutrition 1.0,FPN 1.0,Myanmar,MMR,2017,YR2017
488,1.009,1.839,3.255,3.23,0.811,0.83,0.571,0.736,0.192,0.115,0.249,0.255,0.175,0.226,0.059,0.035,1.42,1.45,1.29,0.34,0.2,1.019,1.858,3.288,0.304,0.553,0.979,13.4,32.4,54.4,0.3,0.8,1.3,2402623.0,Food Prices for Nutrition 1.0,FPN 1.0,Namibia,NAM,2017,YR2017
492,0.987,2.565,4.127,4.18,1.025,0.711,0.507,1.38,0.337,0.166,0.248,0.172,0.123,0.334,0.082,0.04,2.02,1.4,2.72,0.66,0.33,0.997,2.591,4.169,0.253,0.657,1.057,5.9,64.3,86.8,1.6,17.8,24.0,27632682.0,Food Prices for Nutrition 1.0,FPN 1.0,Nepal,NPL,2017,YR2017
496,0.297,1.771,2.743,9.24,0.607,0.892,0.322,0.614,0.255,0.053,0.221,0.325,0.117,0.224,0.093,0.019,1.89,2.77,1.91,0.79,0.16,0.3,1.789,2.771,0.043,0.254,0.394,0.0,0.3,0.4,0.0,0.0,0.1,17131296.0,Food Prices for Nutrition 1.0,FPN 1.0,Netherlands,NLD,2017,YR2017
500,0.489,2.223,2.671,5.46,0.663,0.6,0.313,0.739,0.299,0.056,0.248,0.225,0.117,0.277,0.112,0.021,2.12,1.92,2.36,0.96,0.18,0.494,2.245,2.698,0.058,0.265,0.319,78.5,0.0,0.0,0.0,0.0,3125.1,4813600.0,Food Prices for Nutrition 1.0,FPN 1.0,New Zealand,NZL,2017,YR2017
504,1.436,2.489,3.191,2.22,0.373,0.743,0.587,1.016,0.331,0.14,0.117,0.233,0.184,0.318,0.104,0.044,0.64,1.27,1.73,0.56,0.24,1.451,2.514,3.223,0.421,0.729,0.935,5.7,21.2,32.2,0.4,1.4,2.1,6384843.0,Food Prices for Nutrition 1.0,FPN 1.0,Nicaragua,NIC,2017,YR2017
508,0.608,1.658,2.85,4.69,0.601,0.473,0.401,1.138,0.094,0.144,0.211,0.166,0.141,0.399,0.033,0.051,1.5,1.18,2.84,0.23,0.36,0.614,1.675,2.879,0.867,2.364,4.064,9.9,72.5,91.1,2.1,15.7,19.7,21602388.0,Food Prices for Nutrition 1.0,FPN 1.0,Niger,NER,2017,YR2017
512,1.382,2.115,3.565,2.58,0.522,0.932,0.757,0.994,0.23,0.13,0.146,0.261,0.212,0.279,0.065,0.036,0.69,1.23,1.31,0.3,0.17,1.396,2.136,3.601,0.234,0.358,0.603,55.3,78.1,94.1,105.6,149.0,179.7,190873247.0,Food Prices for Nutrition 1.0,FPN 1.0,Nigeria,NGA,2017,YR2017
516,0.892,3.011,3.386,1.306955435,0.587,1.103,0.611,0.608,0.375,0.101,0.423,0.487,0.316,0.123,0.022,0.106,3.67,0.52,0.54,0.12,0.06,2.988,5.925,1.627,0.032,0.167,0.247,1.1,1.4,1.9,4.1,5.1,6.8,361731296.0,Food Prices for Nutrition 1.0,FPN 1.0,North America,NAC,2017,YR2017
520,0.73,2.972,3.318,4.55,0.64,0.712,0.525,0.949,0.347,0.146,0.193,0.215,0.158,0.286,0.105,0.044,1.22,1.36,1.81,0.66,0.28,0.737,3.002,3.352,0.096,0.389,0.434,2.6,17.7,21.8,0.1,0.4,0.5,2074502.0,Food Prices for Nutrition 1.0,FPN 1.0,North Macedonia,MKD,2017,YR2017
524,1.122,2.849,3.325,2.96,0.615,1.122,0.565,0.691,0.257,0.075,0.185,0.337,0.17,0.208,0.077,0.023,1.09,1.99,1.22,0.45,0.13,1.133,2.878,3.359,0.15,0.382,0.446,0.3,0.5,0.5,0.0,0.0,0.0,5276968.0,Food Prices for Nutrition 1.0,FPN 1.0,Norway,NOR,2017,YR2017
528,0.522,1.899,2.815,5.39,0.378,0.599,0.496,0.842,0.351,0.148,0.134,0.213,0.176,0.299,0.125,0.053,0.76,1.21,1.7,0.71,0.3,0.527,1.918,2.843,0.072,0.263,0.39,78.5,96.0,0.0,381.2,2287.9,3125.1,4665926.0,Food Prices for Nutrition 1.0,FPN 1.0,Oman,OMN,2017,YR2017
532,0.768,1.946,3.408,4.44,0.923,0.524,0.41,1.019,0.34,0.193,0.271,0.154,0.12,0.299,0.1,0.057,2.25,1.28,2.49,0.83,0.47,0.776,1.966,3.442,0.209,0.53,0.928,0.2,38.4,79.7,0.4,79.9,165.7,207906210.0,Food Prices for Nutrition 1.0,FPN 1.0,Pakistan,PAK,2017,YR2017
536,1.128,3.224,4.225,3.75,0.654,1.295,0.69,1.11,0.306,0.17,0.155,0.307,0.163,0.263,0.072,0.04,0.95,1.88,1.61,0.44,0.25,1.139,3.257,4.268,0.138,0.394,0.516,2.7,14.7,21.1,0.1,0.6,0.9,4106764.0,Food Prices for Nutrition 1.0,FPN 1.0,Panama,PAN,2017,YR2017
540,0.95,3.886,3.43,3.61,0.455,0.724,0.474,0.809,0.826,0.142,0.133,0.211,0.138,0.236,0.241,0.041,0.96,1.53,1.71,1.74,0.3,0.96,3.925,3.465,0.162,0.662,0.585,0.5,24.8,20.1,0.0,1.7,1.4,6867058.0,Food Prices for Nutrition 1.0,FPN 1.0,Paraguay,PRY,2017,YR2017
544,0.916,2.24,3.084,3.37,0.57,0.552,0.591,0.898,0.35,0.122,0.185,0.179,0.192,0.291,0.113,0.04,0.96,0.93,1.52,0.59,0.21,0.925,2.263,3.115,0.207,0.505,0.696,2.2,14.5,23.7,0.7,4.6,7.5,31444299.0,Food Prices for Nutrition 1.0,FPN 1.0,Peru,PER,2017,YR2017
548,1.158,2.82,3.843,3.32,0.591,0.953,0.684,1.095,0.319,0.201,0.154,0.248,0.178,0.285,0.083,0.052,0.86,1.39,1.6,0.47,0.29,1.17,2.848,3.882,0.176,0.43,0.586,7.5,54.2,71.0,7.9,57.1,74.6,105172921.0,Food Prices for Nutrition 1.0,FPN 1.0,Philippines,PHL,2017,YR2017
552,0.39,1.925,2.909,7.46,0.651,0.89,0.318,0.584,0.377,0.09,0.224,0.306,0.109,0.201,0.13,0.031,2.05,2.8,1.84,1.19,0.28,0.394,1.944,2.938,0.051,0.252,0.381,0.0,0.1,1.0,0.0,0.0,0.4,37974826.0,Food Prices for Nutrition 1.0,FPN 1.0,Poland,POL,2017,YR2017
556,0.412,1.835,2.513,6.1,0.687,0.62,0.271,0.583,0.275,0.078,0.273,0.247,0.108,0.232,0.109,0.031,2.54,2.29,2.15,1.01,0.29,0.416,1.854,2.538,0.046,0.203,0.278,0.1,0.7,1.1,0.0,0.1,0.1,10300300.0,Food Prices for Nutrition 1.0,FPN 1.0,Portugal,PRT,2017,YR2017
560,0.602,1.173,2.375,3.95,0.478,0.493,0.344,0.679,0.311,0.071,0.201,0.208,0.145,0.286,0.131,0.03,1.39,1.43,1.97,0.9,0.21,0.608,1.185,2.399,0.118,0.23,0.466,0.0,96.0,97.5,381.2,0.0,3125.1,2724727.0,Food Prices for Nutrition 1.0,FPN 1.0,Qatar,QAT,2017,YR2017
564,0.489,2.186,2.921,5.97,0.697,0.497,0.358,0.945,0.351,0.073,0.239,0.17,0.123,0.324,0.12,0.025,1.95,1.39,2.64,0.98,0.2,0.494,2.208,2.951,0.046,0.205,0.273,0.9,7.9,11.9,0.2,1.6,2.3,19588715.0,Food Prices for Nutrition 1.0,FPN 1.0,Romania,ROU,2017,YR2017
568,0.606,2.215,3.149,5.2,0.745,0.739,0.36,0.98,0.191,0.135,0.237,0.235,0.114,0.311,0.061,0.043,2.07,2.05,2.72,0.53,0.38,0.612,2.237,3.181,0.066,0.241,0.343,0.0,1.0,4.0,0.0,1.4,5.7,144496739.0,Food Prices for Nutrition 1.0,FPN 1.0,Russian Federation,RUS,2017,YR2017
572,0.763,1.311,2.609,3.42,0.481,0.303,0.58,0.919,0.136,0.19,0.184,0.116,0.222,0.352,0.052,0.073,0.83,0.52,1.58,0.23,0.33,0.771,1.324,2.635,0.529,0.908,1.808,34.5,66.8,89.0,4.1,8.0,10.7,11980960.0,Food Prices for Nutrition 1.0,FPN 1.0,Rwanda,RWA,2017,YR2017
576,0.896,2.569,3.288,3.67,0.241,1.046,0.477,1.015,0.392,0.117,0.073,0.318,0.145,0.309,0.119,0.036,0.51,2.19,2.13,0.82,0.25,0.905,2.595,3.321,0.191,0.548,0.702,16.3,75.7,84.4,0.0,0.2,0.2,207086.0,Food Prices for Nutrition 1.0,FPN 1.0,Sao Tome and Principe,STP,2017,YR2017
580,0.883,1.752,3.441,3.9,0.739,0.738,0.457,1.031,0.303,0.173,0.215,0.214,0.133,0.3,0.088,0.05,1.62,1.61,2.26,0.66,0.38,0.892,1.77,3.476,0.084,0.167,0.329,78.5,96.0,0.0,0.0,0.0,0.0,33101183.0,Food Prices for Nutrition 1.0,FPN 1.0,Saudi Arabia,SAU,2017,YR2017
584,0.745,1.858,2.19,2.94,0.422,0.677,0.401,0.377,0.124,0.19,0.193,0.309,0.183,0.172,0.057,0.087,1.05,1.69,0.94,0.31,0.47,0.753,1.877,2.212,0.23,0.574,0.677,3.2,42.3,53.0,0.5,6.5,8.2,15419354.0,Food Prices for Nutrition 1.0,FPN 1.0,Senegal,SEN,2017,YR2017
588,0.601,2.669,4.07,6.77,0.872,0.92,0.572,0.998,0.612,0.096,0.214,0.226,0.141,0.245,0.15,0.024,1.52,1.61,1.74,1.07,0.17,0.607,2.696,4.111,0.09,0.398,0.608,3.2,15.2,29.0,0.2,1.1,2.0,7020858.0,Food Prices for Nutrition 1.0,FPN 1.0,Serbia,SRB,2017,YR2017
592,0.634,2.169,4.01,6.32,0.476,1.094,0.381,1.088,0.875,0.095,0.119,0.273,0.095,0.271,0.218,0.024,1.25,2.87,2.86,2.3,0.25,0.64,2.191,4.051,0.128,0.437,0.807,0.1,2.5,8.8,0.0,0.0,0.0,95843.0,Food Prices for Nutrition 1.0,FPN 1.0,Seychelles,SYC,2017,YR2017
596,1.243,2.201,2.842,2.29,0.298,0.756,0.655,0.754,0.257,0.122,0.105,0.266,0.23,0.265,0.09,0.043,0.45,1.15,1.15,0.39,0.19,1.256,2.223,2.871,0.579,1.025,1.323,54.4,84.4,91.1,4.1,6.3,6.8,7488427.0,Food Prices for Nutrition 1.0,FPN 1.0,Sierra Leone,SLE,2017,YR2017
600,0.751,2.024,2.775,3.7,0.615,0.605,0.519,0.611,0.324,0.102,0.222,0.218,0.187,0.22,0.117,0.037,1.18,1.17,1.18,0.62,0.2,0.759,2.044,2.803,0.148,0.4,0.548,78.5,0.0,97.5,0.0,0.0,0.0,5612253.0,Food Prices for Nutrition 1.0,FPN 1.0,Singapore,SGP,2017,YR2017
604,2.251,3.944,4.462,1.98,0.905,0.91,1.26,0.864,0.328,0.195,0.203,0.204,0.282,0.194,0.074,0.044,0.72,0.72,0.69,0.26,0.15,2.274,3.984,4.507,0.42,0.737,0.833,78.5,96.0,97.5,0.0,0.0,3125.1,40574.0,Food Prices for Nutrition 1.0,FPN 1.0,Sint Maarten (Dutch part),SXM,2017,YR2017
608,0.363,1.977,3.013,8.3,0.634,0.974,0.35,0.667,0.311,0.077,0.21,0.323,0.116,0.221,0.103,0.026,1.81,2.78,1.91,0.89,0.22,0.367,1.997,3.043,0.052,0.285,0.434,0.1,1.3,2.0,0.0,0.1,0.1,5439232.0,Food Prices for Nutrition 1.0,FPN 1.0,Slovak Republic,SVK,2017,YR2017
612,0.434,2.015,2.798,6.45,0.669,0.722,0.29,0.698,0.346,0.072,0.239,0.258,0.104,0.249,0.124,0.026,2.31,2.49,2.41,1.19,0.25,0.438,2.035,2.826,0.061,0.284,0.394,0.0,0.0,0.1,0.0,0.0,0.0,2066388.0,Food Prices for Nutrition 1.0,FPN 1.0,Slovenia,SVN,2017,YR2017
616,1.265,3.407,4.102,3.24,0.727,0.702,0.633,1.059,0.852,0.129,0.177,0.171,0.154,0.258,0.208,0.031,1.15,1.11,1.67,1.35,0.2,1.278,3.441,4.143,0.293,0.789,0.95,24.0,60.1,65.2,13.7,34.3,37.2,57009751.0,Food Prices for Nutrition 1.0,FPN 1.0,South Africa,ZAF,2017,YR2017
620,0.804,2.328,3.558,10.88,0.842,0.729,0.422,1.076,0.318,0.172,0.423,0.108,0.316,0.413,0.022,0.106,3.67,0.52,0.54,2.3,0.79,0.234,5.925,1.627,0.032,3.913,5.272,1.8,54.2,75.6,32.1,951.4,1327.5,1756587053.0,Food Prices for Nutrition 1.0,FPN 1.0,South Asia,SAS,2017,YR2017
624,0.438,1.752,2.699,6.16,0.796,0.739,0.278,0.623,0.211,0.053,0.295,0.274,0.103,0.231,0.078,0.02,2.86,2.66,2.24,0.76,0.19,0.442,1.77,2.726,0.06,0.241,0.371,0.5,1.1,1.9,0.2,0.5,0.9,46593236.0,Food Prices for Nutrition 1.0,FPN 1.0,Spain,ESP,2017,YR2017
628,0.972,2.228,3.702,3.81,0.899,0.799,0.493,0.999,0.192,0.321,0.243,0.216,0.133,0.27,0.052,0.087,1.82,1.62,2.03,0.39,0.65,0.982,2.251,3.739,0.176,0.404,0.671,0.4,19.4,52.3,0.1,4.2,11.2,21444000.0,Food Prices for Nutrition 1.0,FPN 1.0,Sri Lanka,LKA,2017,YR2017
632,0.533,2.994,2.998,5.62,0.648,0.74,0.425,0.716,0.333,0.136,0.216,0.247,0.142,0.239,0.111,0.045,1.52,1.74,1.68,0.78,0.32,0.538,3.024,3.028,0.082,0.461,0.462,78.5,96.0,97.5,381.2,0.0,3125.1,52036.0,Food Prices for Nutrition 1.0,FPN 1.0,St. Kitts and Nevis,KNA,2017,YR2017
636,1.05,2.651,3.263,3.11,0.479,0.888,0.509,0.848,0.334,0.205,0.147,0.272,0.156,0.26,0.102,0.063,0.94,1.74,1.67,0.66,0.4,1.061,2.678,3.296,0.591,1.492,1.836,4.4,16.4,20.2,0.0,0.0,0.0,180955.0,Food Prices for Nutrition 1.0,FPN 1.0,St. Lucia,LCA,2017,YR2017
640,1.322,3.054,4.131,3.12,0.427,1.269,0.822,0.78,0.605,0.229,0.103,0.307,0.199,0.189,0.146,0.055,0.52,1.54,0.95,0.74,0.28,1.335,3.085,4.173,0.251,0.581,0.785,78.5,0.0,97.5,381.2,0.0,3125.1,109826.0,Food Prices for Nutrition 1.0,FPN 1.0,St. Vincent and the Grenadines,VCT,2017,YR2017
644,0.871,2.228,3.249,1.306955435,0.542,0.843,0.528,0.934,0.256,0.146,0.065,0.487,0.316,0.413,0.264,0.015,3.67,4.46,0.54,2.3,0.06,0.234,5.925,1.627,0.032,0.167,5.272,29.8,72.2,86.2,301.3,730.5,872.2,1021249977.0,Food Prices for Nutrition 1.0,FPN 1.0,Sub-Saharan Africa,SSF,2017,YR2017
648,1.079,2.089,3.674,3.41,0.48,0.723,0.547,1.203,0.509,0.211,0.131,0.197,0.149,0.327,0.139,0.057,0.88,1.32,2.2,0.93,0.39,1.09,2.11,3.711,0.242,0.468,0.824,12.7,54.4,86.3,5.2,22.2,35.2,40813398.0,Food Prices for Nutrition 1.0,FPN 1.0,Sudan,SDN,2017,YR2017
652,1.142,3.386,4.969,4.35,0.8,1.256,0.585,1.412,0.78,0.136,0.161,0.253,0.118,0.284,0.157,0.027,1.37,2.15,2.41,1.33,0.23,1.154,3.42,5.019,0.139,0.412,0.604,17.9,40.9,57.6,0.1,0.2,0.3,570501.0,Food Prices for Nutrition 1.0,FPN 1.0,Suriname,SUR,2017,YR2017
656,0.8,2.434,3.086,3.86,0.773,0.766,0.47,0.644,0.347,0.085,0.25,0.248,0.152,0.209,0.112,0.028,1.64,1.63,1.37,0.74,0.18,0.808,2.459,3.117,0.108,0.329,0.417,0.2,0.3,0.5,0.0,0.0,0.1,10057698.0,Food Prices for Nutrition 1.0,FPN 1.0,Sweden,SWE,2017,YR2017
660,0.418,2.101,2.523,6.04,0.577,0.743,0.212,0.675,0.249,0.067,0.229,0.294,0.084,0.268,0.099,0.027,2.72,3.5,3.18,1.17,0.32,0.422,2.122,2.548,0.055,0.278,0.333,0.0,0.0,0.0,0.0,0.0,0.0,8451840.0,Food Prices for Nutrition 1.0,FPN 1.0,Switzerland,CHE,2017,YR2017
664,1.459,2.996,3.99,2.73,0.75,0.863,0.857,0.911,0.475,0.134,0.188,0.216,0.215,0.228,0.119,0.034,0.88,1.01,1.06,0.55,0.16,1.474,3.026,4.03,0.156,0.32,0.427,0.0,0.2,0.2,0.0,0.1,0.1,23560000.0,Food Prices for Nutrition 1.0,FPN 1.0,"Taiwan, China",TWN,2017,YR2017
668,0.912,2.345,3.027,3.32,0.628,0.425,0.552,0.823,0.439,0.16,0.207,0.14,0.182,0.272,0.145,0.053,1.14,0.77,1.49,0.8,0.29,0.921,2.369,3.058,0.362,0.932,1.203,1.7,26.5,42.9,0.2,2.3,3.8,8880270.0,Food Prices for Nutrition 1.0,FPN 1.0,Tajikistan,TJK,2017,YR2017
672,0.994,1.944,2.598,2.61,0.518,0.504,0.557,0.657,0.208,0.155,0.199,0.194,0.214,0.253,0.08,0.06,0.93,0.9,1.18,0.37,0.28,1.004,1.964,2.624,0.374,0.731,0.976,43.9,79.7,88.7,24.0,43.6,48.5,54660345.0,Food Prices for Nutrition 1.0,FPN 1.0,Tanzania,TZA,2017,YR2017
676,1.047,2.883,3.971,3.79,0.786,0.746,0.896,0.942,0.488,0.114,0.198,0.188,0.226,0.237,0.123,0.029,0.88,0.83,1.05,0.54,0.13,1.058,2.912,4.011,0.173,0.476,0.656,0.0,5.6,17.5,0.0,3.9,12.1,69209817.0,Food Prices for Nutrition 1.0,FPN 1.0,Thailand,THA,2017,YR2017
680,1.939,2.31,1.822,1.306955435,0.162,1.785,0.147,0.377,0.069,0.453,0.065,0.108,0.067,0.413,0.022,0.106,3.67,0.52,4.05,0.12,0.79,1.959,2.333,6.035,1.44,1.716,5.272,0.0,96.0,97.5,0.0,2287.9,0.0,7698476.0,Food Prices for Nutrition 1.0,FPN 1.0,Togo,TGO,2017,YR2017
684,1.009,3.135,3.928,3.89,0.979,0.763,0.612,1.047,0.361,0.167,0.249,0.194,0.156,0.267,0.092,0.043,1.6,1.25,1.71,0.59,0.27,1.019,3.167,3.968,0.129,0.4,0.501,0.2,6.1,10.7,0.0,0.1,0.1,1384060.0,Food Prices for Nutrition 1.0,FPN 1.0,Trinidad and Tobago,TTO,2017,YR2017
688,0.604,1.88,3.476,5.75,1.127,0.527,0.318,0.841,0.482,0.181,0.324,0.152,0.091,0.242,0.139,0.052,3.54,1.66,2.64,1.52,0.57,0.61,1.899,3.511,0.111,0.346,0.64,0.0,3.2,21.8,0.0,0.4,2.5,11433438.0,Food Prices for Nutrition 1.0,FPN 1.0,Tunisia,TUN,2017,YR2017
692,0.709,2.286,2.873,4.05,0.85,0.448,0.36,0.817,0.271,0.127,0.296,0.156,0.125,0.284,0.094,0.044,2.36,1.24,2.27,0.75,0.35,0.716,2.309,2.902,0.096,0.311,0.391,0.0,3.4,6.9,0.0,2.8,5.6,81116451.0,Food Prices for Nutrition 1.0,FPN 1.0,Türkiye,TUR,2017,YR2017
696,1.128,2.453,2.809,2.49,0.556,0.663,0.532,0.645,0.296,0.117,0.198,0.236,0.189,0.23,0.105,0.042,1.05,1.25,1.21,0.56,0.22,1.139,2.478,2.837,0.317,0.69,0.79,0.0,0.0,97.5,0.0,2287.9,3125.1,37116.0,Food Prices for Nutrition 1.0,FPN 1.0,Turks and Caicos Islands,TCA,2017,YR2017
700,0.648,1.8,2.749,4.24,0.494,0.528,0.495,0.853,0.196,0.184,0.18,0.192,0.18,0.31,0.071,0.067,1.0,1.07,1.72,0.4,0.37,0.655,1.818,2.777,0.426,1.183,1.807,14.2,69.3,84.8,5.9,28.5,34.9,41166588.0,Food Prices for Nutrition 1.0,FPN 1.0,Uganda,UGA,2017,YR2017
704,0.746,1.806,2.755,3.69,0.562,0.532,0.388,0.856,0.269,0.149,0.204,0.193,0.141,0.311,0.098,0.054,1.45,1.37,2.21,0.69,0.38,0.754,1.824,2.783,0.101,0.245,0.374,0.0,0.0,0.0,0.0,0.0,0.0,9487206.0,Food Prices for Nutrition 1.0,FPN 1.0,United Arab Emirates,ARE,2017,YR2017
708,0.263,1.526,1.822,6.93,0.533,0.399,0.147,0.494,0.195,0.053,0.293,0.219,0.081,0.271,0.107,0.029,3.63,2.71,3.36,1.33,0.36,0.266,1.541,1.84,0.049,0.285,0.341,0.1,0.4,0.5,0.1,0.3,0.3,66058859.0,Food Prices for Nutrition 1.0,FPN 1.0,United Kingdom,GBR,2017,YR2017
712,0.905,2.215,3.225,3.56,0.61,1.053,0.661,0.557,0.285,0.059,0.189,0.327,0.205,0.173,0.088,0.018,0.92,1.59,0.84,0.43,0.09,0.914,2.237,3.258,0.129,0.316,0.46,1.2,1.5,2.0,4.1,4.9,6.5,325122128.0,Food Prices for Nutrition 1.0,FPN 1.0,United States,USA,2017,YR2017
716,0.87,2.627,3.524,1.306955435,0.712,0.801,0.54,0.909,0.432,0.13,0.423,0.487,0.067,0.413,0.022,0.106,3.67,4.46,0.54,0.12,0.79,0.234,1.047,6.035,0.032,3.913,0.247,1.2,10.6,16.5,28.7,257.7,401.2,2427694194.0,Food Prices for Nutrition 1.0,FPN 1.0,Upper middle income,UMC,2017,YR2017
720,0.694,2.129,3.073,4.43,0.537,0.989,0.378,0.615,0.487,0.068,0.175,0.322,0.123,0.2,0.158,0.022,1.42,2.62,1.63,1.29,0.18,0.701,2.151,3.104,0.094,0.288,0.416,0.0,0.8,2.7,0.0,0.0,0.1,3436645.0,Food Prices for Nutrition 1.0,FPN 1.0,Uruguay,URY,2017,YR2017
724,0.975,2.514,3.586,3.68,0.556,0.771,0.582,1.183,0.305,0.189,0.155,0.215,0.162,0.33,0.085,0.053,0.96,1.32,2.03,0.52,0.32,0.985,2.539,3.622,0.286,0.737,1.052,1.3,15.9,32.4,1.2,15.1,30.7,94600643.0,Food Prices for Nutrition 1.0,FPN 1.0,Vietnam,VNM,2017,YR2017
728,1.124,1.761,3.342,2.97,0.695,0.564,0.649,1.127,0.1866897152,0.122,0.208,0.169,0.194,0.337,0.056,0.037,1.07,0.87,1.74,0.29,0.19,1.135,1.779,3.376,0.284,0.445,0.845,1.0,4.4,25.4,0.0,0.2,1.1,4454805.0,Food Prices for Nutrition 1.0,FPN 1.0,West Bank and Gaza,PSE,2017,YR2017
732,0.834,2.457,3.314,10.88,0.662,0.793,0.508,0.873,0.348,0.13,0.423,0.108,0.316,0.123,0.022,0.015,3.67,0.52,0.54,2.3,0.79,2.988,5.925,6.035,1.44,0.167,0.247,5.4,31.1,42.9,381.2,2212.2,3049.1,7208180851.0,Food Prices for Nutrition 1.0,FPN 1.0,World,WLD,2017,YR2017
736,1.279,2.38,3.085,2.41,0.372,0.631,0.814,0.906,0.232,0.13,0.121,0.205,0.264,0.294,0.075,0.042,0.46,0.78,1.11,0.29,0.16,1.292,2.404,3.116,0.755,1.405,1.821,63.8,81.8,87.6,10.7,13.8,14.8,16853608.0,Food Prices for Nutrition 1.0,FPN 1.0,Zambia,ZMB,2017,YR2017
740,0.775,2.297,3.456,4.46,0.513,0.968,0.55,0.95,0.33,0.144,0.148,0.28,0.159,0.275,0.095,0.042,0.93,1.76,1.73,0.6,0.26,0.783,2.32,3.491,0.343,1.016,1.529,15.8,70.8,84.1,2.2,10.1,12.0,14236599.0,Food Prices for Nutrition 1.0,FPN 1.0,Zimbabwe,ZWE,2017,YR2017
744,0.725,2.471,3.952,5.45,0.911,0.707,0.599,1.204,0.441,0.089,0.231,0.179,0.152,0.305,0.112,0.023,1.52,1.18,2.01,0.74,0.15,0.647,2.206,3.529,0.078,0.266,0.425,0.0,8.9,31.3,0.0,0.3,0.9,2873457.0,Food Prices for Nutrition 1.1,FPN 1.1,Albania,ALB,2017,YR2017
748,0.773,2.323,3.763,4.87,0.979,0.699,0.496,0.964,0.493,0.132,0.26,0.186,0.132,0.256,0.131,0.035,1.97,1.41,1.94,0.99,0.27,0.69,2.074,3.36,0.124,0.374,0.605,0.1,6.3,32.7,0.1,2.6,13.5,41136546.0,Food Prices for Nutrition 1.1,FPN 1.1,Algeria,DZA,2017,YR2017
752,1.403,3.231,4.327,3.08,0.717,1.199,0.839,1.011,0.395,0.166,0.166,0.277,0.194,0.234,0.091,0.038,0.85,1.43,1.21,0.47,0.2,1.253,2.885,3.863,0.315,0.726,0.972,35.6,70.8,81.2,10.8,21.4,24.5,30208628.0,Food Prices for Nutrition 1.1,FPN 1.1,Angola,AGO,2017,YR2017
756,1.308,2.433,3.717,2.84,0.811,1.019,0.778,0.647,0.328,0.134,0.218,0.274,0.209,0.174,0.088,0.036,1.04,1.31,0.83,0.42,0.17,1.168,2.172,3.319,0.203,0.378,0.577,78.5,0.0,0.0,0.0,2287.9,3125.1,29567.0,Food Prices for Nutrition 1.1,FPN 1.1,Anguilla,AIA,2017,YR2017
760,0.933,3.017,4.112,4.41,1.003,1.279,0.604,0.682,0.429,0.115,0.244,0.311,0.147,0.166,0.104,0.028,1.66,2.12,1.13,0.71,0.19,0.833,2.694,3.671,0.174,0.563,0.767,78.5,0.0,97.5,0.0,0.0,0.0,91119.0,Food Prices for Nutrition 1.1,FPN 1.1,Antigua and Barbuda,ATG,2017,YR2017
764,0.652,2.625,3.341,5.12,0.733,0.703,0.463,0.669,0.656,0.117,0.219,0.21,0.139,0.2,0.196,0.035,1.58,1.52,1.44,1.42,0.25,0.582,2.344,2.983,0.077,0.31,0.395,0.2,4.0,6.8,0.1,1.8,3.0,44044811.0,Food Prices for Nutrition 1.1,FPN 1.1,Argentina,ARG,2017,YR2017
768,1.013,2.208,3.096,3.06,0.488,0.433,0.537,0.973,0.541,0.123,0.158,0.14,0.173,0.314,0.175,0.04,0.91,0.81,1.81,1.01,0.23,0.904,1.971,2.764,0.088,0.192,0.27,0.5,14.3,37.1,0.0,0.4,1.1,2851923.0,Food Prices for Nutrition 1.1,FPN 1.1,Armenia,ARM,2017,YR2017
772,1.13,2.835,3.418,3.02,0.475,0.907,0.797,0.718,0.407,0.115,0.139,0.265,0.233,0.21,0.119,0.034,0.6,1.14,0.9,0.51,0.14,1.009,2.531,3.052,0.239,0.6,0.723,0.0,96.0,97.5,0.0,2287.9,3125.1,105439.0,Food Prices for Nutrition 1.1,FPN 1.1,Aruba,ABW,2017,YR2017
776,0.307,1.595,2.259,7.36,0.667,0.597,0.221,0.458,0.249,0.067,0.295,0.264,0.098,0.203,0.11,0.03,3.02,2.7,2.07,1.13,0.3,0.274,1.424,2.017,0.045,0.235,0.333,0.2,0.5,0.7,0.1,0.1,0.2,24594202.0,Food Prices for Nutrition 1.1,FPN 1.1,Australia,AUS,2017,YR2017
780,0.346,2.256,2.772,8.01,0.819,0.698,0.229,0.612,0.36,0.055,0.295,0.252,0.083,0.221,0.13,0.02,3.58,3.05,2.67,1.57,0.24,0.309,2.014,2.475,0.049,0.318,0.39,0.2,0.5,0.6,0.0,0.0,0.1,8797566.0,Food Prices for Nutrition 1.1,FPN 1.1,Austria,AUT,2017,YR2017
784,0.789,1.836,2.348,2.98,0.26,0.317,0.448,0.729,0.463,0.132,0.111,0.135,0.191,0.31,0.197,0.056,0.58,0.71,1.63,1.03,0.29,0.704,1.639,2.096,0.097,0.225,0.288,0.0,0.0,0.0,0.0,0.0,0.0,9854033.0,Food Prices for Nutrition 1.1,FPN 1.1,Azerbaijan,AZE,2017,YR2017
788,1.049,4.683,4.276,4.08,1.03,0.716,0.574,0.848,0.656,0.453,0.241,0.167,0.134,0.198,0.153,0.106,1.79,1.25,1.48,1.14,0.79,0.937,4.181,3.818,0.169,0.755,0.69,78.5,96.0,0.0,0.0,2287.9,0.0,399020.0,Food Prices for Nutrition 1.1,FPN 1.1,"Bahamas, The",BHS,2017,YR2017
792,0.792,2.829,3.379,4.27,0.474,0.688,0.653,1.006,0.373,0.185,0.14,0.204,0.193,0.298,0.11,0.055,0.73,1.05,1.54,0.57,0.28,0.707,2.526,3.017,0.115,0.412,0.492,0.0,0.0,0.0,381.2,2287.9,0.0,1456834.0,Food Prices for Nutrition 1.1,FPN 1.1,Bahrain,BHR,2017,YR2017
796,0.644,1.947,2.882,4.48,0.559,0.477,0.359,1.143,0.227,0.118,0.194,0.166,0.125,0.397,0.079,0.041,1.56,1.33,3.18,0.63,0.33,0.575,1.738,2.573,0.145,0.438,0.648,0.5,47.4,74.6,0.9,76.7,120.7,161793964.0,Food Prices for Nutrition 1.1,FPN 1.1,Bangladesh,BGD,2017,YR2017
800,0.896,2.226,1.822,10.88,0.162,1.785,0.147,0.377,0.069,0.453,0.065,0.108,0.316,0.123,0.264,0.015,3.67,4.46,4.05,0.12,0.79,0.8,1.988,6.035,0.218,0.542,5.272,0.0,0.0,97.5,0.0,0.0,0.0,279187.0,Food Prices for Nutrition 1.1,FPN 1.1,Barbados,BRB,2017,YR2017
804,0.8,2.161,3.177,3.97,0.678,0.349,0.506,0.826,0.643,0.174,0.213,0.11,0.159,0.26,0.202,0.055,1.34,0.69,1.63,1.27,0.34,0.714,1.929,2.837,0.095,0.257,0.378,0.0,0.2,2.1,0.0,0.0,0.2,9458989.0,Food Prices for Nutrition 1.1,FPN 1.1,Belarus,BLR,2017,YR2017
808,0.263,2.406,2.862,10.88,0.79,0.677,0.222,0.745,0.369,0.06,0.276,0.237,0.078,0.26,0.129,0.021,3.56,3.05,3.36,1.66,0.27,0.235,2.148,2.555,0.032,0.291,0.347,0.1,0.3,0.3,0.0,0.0,0.0,11375158.0,Food Prices for Nutrition 1.1,FPN 1.1,Belgium,BEL,2017,YR2017
812,1.13,2.803,2.476,2.19,0.162,0.805,0.38,0.776,0.224,0.129,0.065,0.325,0.153,0.313,0.09,0.052,0.43,2.12,2.04,0.59,0.34,1.009,2.503,2.211,0.461,1.143,1.009,17.6,53.2,47.4,0.1,0.2,0.2,374693.0,Food Prices for Nutrition 1.1,FPN 1.1,Belize,BLZ,2017,YR2017
816,0.652,2.498,3.55,5.44,0.538,1.012,0.41,1.168,0.297,0.125,0.152,0.285,0.115,0.329,0.084,0.035,1.31,2.47,2.85,0.72,0.3,0.582,2.23,3.17,0.316,1.211,1.721,13.5,81.7,90.5,1.6,9.5,10.5,11596779.0,Food Prices for Nutrition 1.1,FPN 1.1,Benin,BEN,2017,YR2017
820,1.099,4.706,4.072,3.71,0.478,1.652,0.743,0.502,0.53,0.165,0.117,0.406,0.182,0.123,0.13,0.041,0.64,2.22,0.68,0.71,0.22,0.981,4.202,3.636,0.104,0.447,0.387,0.0,0.0,97.5,0.0,0.0,0.0,63873.0,Food Prices for Nutrition 1.1,FPN 1.1,Bermuda,BMU,2017,YR2017
824,1.047,2.802,4.383,4.19,1.122,0.94,0.54,1.191,0.427,0.164,0.256,0.214,0.123,0.272,0.097,0.037,2.08,1.74,2.21,0.79,0.3,0.935,2.502,3.913,0.18,0.481,0.753,0.7,26.2,51.2,0.0,0.2,0.4,756121.0,Food Prices for Nutrition 1.1,FPN 1.1,Bhutan,BTN,2017,YR2017
828,1.468,3.338,3.551,2.42,0.411,0.644,0.781,1.046,0.53,0.14,0.116,0.181,0.22,0.295,0.149,0.039,0.53,0.82,1.34,0.68,0.18,1.311,2.98,3.171,0.258,0.586,0.624,6.8,19.1,20.9,0.8,2.2,2.4,11435533.0,Food Prices for Nutrition 1.1,FPN 1.1,Bolivia,BOL,2017,YR2017
832,0.746,3.329,5.975,1.306955435,1.997,1.785,0.147,0.377,0.069,0.052,0.423,0.487,0.067,0.413,0.022,0.106,0.41,4.46,0.54,2.3,0.06,0.666,2.972,1.627,0.225,1.002,0.247,0.0,96.0,0.0,0.0,0.0,3125.1,7262444211.0,Food Prices for Nutrition 1.1,FPN 1.1,Bonaire,BON,2017,YR2017
836,0.691,3.051,3.847,5.57,0.916,0.825,0.54,0.921,0.512,0.132,0.238,0.214,0.14,0.239,0.133,0.034,1.7,1.53,1.71,0.95,0.24,0.617,2.724,3.435,0.087,0.386,0.487,0.0,2.4,4.6,0.0,0.1,0.2,3440027.0,Food Prices for Nutrition 1.1,FPN 1.1,Bosnia and Herzegovina,BIH,2017,YR2017
840,0.505,2.25,3.622,7.17,0.795,0.796,0.39,1.097,0.402,0.142,0.219,0.22,0.108,0.303,0.111,0.039,2.04,2.04,2.81,1.03,0.36,0.451,2.009,3.234,0.038,0.17,0.274,1.3,44.3,63.2,0.0,1.1,1.5,2401840.0,Food Prices for Nutrition 1.1,FPN 1.1,Botswana,BWA,2017,YR2017
844,0.848,2.657,2.809,3.31,0.46,0.465,0.439,0.635,0.742,0.067,0.164,0.166,0.156,0.226,0.264,0.024,1.05,1.06,1.45,1.69,0.15,0.757,2.372,2.508,0.191,0.599,0.634,3.5,18.1,19.6,7.3,37.8,41.0,208504960.0,Food Prices for Nutrition 1.1,FPN 1.1,Brazil,BRA,2017,YR2017
848,1.563,3.059,3.235,2.07,0.425,0.785,0.808,0.828,0.237,0.152,0.131,0.243,0.25,0.256,0.073,0.047,0.53,0.97,1.02,0.29,0.19,1.396,2.731,2.888,0.173,0.338,0.358,0.0,0.0,97.5,381.2,0.0,0.0,30060.0,Food Prices for Nutrition 1.1,FPN 1.1,British Virgin Islands,VGB,2017,YR2017
852,0.762,2.376,4.126,5.41,0.894,0.932,0.674,1.123,0.405,0.098,0.217,0.226,0.163,0.272,0.098,0.024,1.33,1.38,1.67,0.6,0.15,0.68,2.121,3.684,0.143,0.445,0.772,78.5,96.0,0.0,0.0,0.0,0.0,430276.0,Food Prices for Nutrition 1.1,FPN 1.1,Brunei Darussalam,BRN,2017,YR2017
856,0.504,2.768,3.78,7.5,0.959,0.774,0.504,0.963,0.478,0.101,0.254,0.205,0.133,0.255,0.126,0.027,1.9,1.54,1.91,0.95,0.2,0.45,2.471,3.375,0.077,0.422,0.576,0.3,6.3,10.6,0.0,0.4,0.8,7075947.0,Food Prices for Nutrition 1.1,FPN 1.1,Bulgaria,BGR,2017,YR2017
860,0.574,2.538,3.173,5.53,0.354,0.917,0.439,1.145,0.127,0.19,0.112,0.289,0.138,0.361,0.04,0.06,0.81,2.09,2.61,0.29,0.43,0.513,2.266,2.833,0.361,1.598,1.997,5.3,76.1,82.9,1.1,15.1,16.4,19835858.0,Food Prices for Nutrition 1.1,FPN 1.1,Burkina Faso,BFA,2017,YR2017
864,0.708,1.589,2.988,4.22,0.447,0.532,0.615,1.112,0.174,0.107,0.15,0.178,0.206,0.372,0.058,0.036,0.73,0.87,1.81,0.28,0.17,0.632,1.419,2.668,0.808,1.814,3.412,43.1,85.1,96.1,4.8,9.5,10.7,11155593.0,Food Prices for Nutrition 1.1,FPN 1.1,Burundi,BDI,2017,YR2017
868,0.62,2.522,3.358,5.42,0.823,1.036,0.342,0.779,0.281,0.098,0.245,0.309,0.102,0.232,0.084,0.029,2.41,3.03,2.28,0.82,0.29,0.554,2.252,2.998,0.139,0.565,0.753,0.3,29.7,44.5,0.0,0.2,0.3,564954.0,Food Prices for Nutrition 1.1,FPN 1.1,Cabo Verde,CPV,2017,YR2017
872,0.993,2.761,3.618,3.64,0.526,0.791,0.503,1.226,0.422,0.15,0.145,0.219,0.139,0.339,0.117,0.041,1.05,1.57,2.44,0.84,0.3,0.887,2.465,3.23,0.256,0.712,0.933,78.5,0.0,97.5,0.0,2287.9,0.0,15830689.0,Food Prices for Nutrition 1.1,FPN 1.1,Cambodia,KHM,2017,YR2017
876,0.894,2.065,2.616,2.93,0.447,0.592,0.48,0.837,0.144,0.116,0.171,0.226,0.183,0.32,0.055,0.044,0.93,1.23,1.74,0.3,0.24,0.798,1.844,2.336,0.385,0.89,1.128,15.4,48.2,58.8,3.8,11.8,14.3,24393181.0,Food Prices for Nutrition 1.1,FPN 1.1,Cameroon,CMR,2017,YR2017
880,0.673,2.111,2.863,4.25,0.673,0.605,0.43,0.766,0.31,0.078,0.235,0.211,0.15,0.268,0.108,0.027,1.57,1.41,1.78,0.72,0.18,0.601,1.885,2.556,0.106,0.333,0.451,0.0,0.5,0.7,0.0,0.2,0.3,36545236.0,Food Prices for Nutrition 1.1,FPN 1.1,Canada,CAN,2017,YR2017
884,1.095,2.231,2.928,2.67,0.654,0.75,0.556,0.585,0.257,0.125,0.223,0.256,0.19,0.2,0.088,0.043,1.18,1.35,1.05,0.46,0.22,0.978,1.992,2.614,0.175,0.358,0.469,78.5,96.0,0.0,381.2,0.0,3125.1,63581.0,Food Prices for Nutrition 1.1,FPN 1.1,Cayman Islands,CYM,2017,YR2017
888,1.021,1.706,3.423,3.35,0.345,0.955,0.525,1.284,0.141,0.174,0.101,0.279,0.153,0.375,0.041,0.051,0.66,1.82,2.45,0.27,0.33,0.912,1.523,3.056,0.823,1.376,2.761,65.4,82.3,94.3,3.3,4.1,4.7,4996741.0,Food Prices for Nutrition 1.1,FPN 1.1,Central African Republic,CAF,2017,YR2017
892,0.709,1.761,2.831,3.99,0.39,0.703,0.497,0.882,0.187,0.172,0.138,0.248,0.176,0.312,0.066,0.061,0.78,1.41,1.77,0.38,0.35,0.633,1.572,2.528,0.365,0.907,1.458,11.3,60.7,82.7,1.7,9.2,12.5,15085884.0,Food Prices for Nutrition 1.1,FPN 1.1,Chad,TCD,2017,YR2017
896,0.644,2.179,3.053,4.74,0.619,0.94,0.352,0.765,0.261,0.116,0.203,0.308,0.115,0.251,0.085,0.038,1.76,2.67,2.17,0.74,0.33,0.575,1.946,2.726,0.104,0.35,0.491,0.2,1.6,4.6,0.0,0.3,0.8,18368577.0,Food Prices for Nutrition 1.1,FPN 1.1,Chile,CHL,2017,YR2017
900,0.848,2.111,2.571,3.03,0.617,0.478,0.429,0.672,0.281,0.093,0.24,0.186,0.167,0.261,0.109,0.036,1.44,1.11,1.57,0.66,0.22,0.757,1.885,2.296,0.308,0.767,0.935,0.2,9.7,16.6,2.9,135.5,232.2,1396215000.0,Food Prices for Nutrition 1.1,FPN 1.1,China,CHN,2017,YR2017
904,0.991,2.526,2.863,2.89,0.492,0.617,0.548,0.798,0.262,0.146,0.172,0.216,0.191,0.279,0.092,0.051,0.9,1.13,1.46,0.48,0.27,0.885,2.255,2.556,0.223,0.569,0.645,3.5,20.3,24.8,1.7,9.8,12.0,48351671.0,Food Prices for Nutrition 1.1,FPN 1.1,Colombia,COL,2017,YR2017
908,1.101,3.461,1.822,10.88,0.162,0.303,0.147,1.583,0.875,0.453,0.065,0.487,0.067,0.413,0.022,0.106,3.67,0.52,4.05,2.3,0.79,0.983,3.09,1.627,0.297,0.934,5.272,0.0,0.0,0.0,0.0,2287.9,3125.1,761664.0,Food Prices for Nutrition 1.1,FPN 1.1,Comoros,COM,2017,YR2017
912,0.56,2.049,2.921,5.22,0.315,0.804,0.383,1.207,0.136,0.076,0.108,0.275,0.131,0.413,0.047,0.026,0.82,2.1,3.15,0.36,0.2,0.5,1.829,2.608,0.36,1.318,1.878,27.5,86.7,94.1,23.2,73.0,79.3,84283273.0,Food Prices for Nutrition 1.1,FPN 1.1,"Congo, Dem. Rep.",COD,2017,YR2017
916,0.987,2.576,3.343,3.39,0.733,1.12,0.532,0.633,0.224,0.1,0.219,0.335,0.159,0.189,0.067,0.03,1.38,2.11,1.19,0.42,0.19,0.881,2.3,2.985,0.449,1.171,1.52,40.3,80.9,88.9,2.1,4.3,4.7,5312340.0,Food Prices for Nutrition 1.1,FPN 1.1,"Congo, Rep.",COG,2017,YR2017
920,0.973,2.824,3.961,4.07,0.587,1.388,0.617,0.863,0.411,0.094,0.148,0.35,0.156,0.218,0.104,0.024,0.95,2.25,1.4,0.67,0.15,0.869,2.521,3.537,0.158,0.458,0.642,0.7,7.8,16.0,0.0,0.4,0.8,4993842.0,Food Prices for Nutrition 1.1,FPN 1.1,Costa Rica,CRI,2017,YR2017
924,0.815,1.619,3.273,4.02,0.39,1.041,0.434,1.111,0.149,0.148,0.119,0.318,0.133,0.339,0.046,0.045,0.9,2.4,2.56,0.34,0.34,0.728,1.446,2.922,0.258,0.513,1.038,8.4,39.6,77.7,2.1,9.8,19.3,24848016.0,Food Prices for Nutrition 1.1,FPN 1.1,Côte d'Ivoire,CIV,2017,YR2017
928,0.663,3.211,4.168,6.29,0.95,1.138,0.496,0.955,0.556,0.073,0.228,0.273,0.119,0.229,0.133,0.018,1.92,2.29,1.93,1.12,0.15,0.592,2.867,3.721,0.077,0.371,0.481,0.3,3.3,6.2,0.0,0.1,0.3,4124531.0,Food Prices for Nutrition 1.1,FPN 1.1,Croatia,HRV,2017,YR2017
932,1.137,2.396,2.866,2.52,0.466,0.711,0.607,0.673,0.295,0.114,0.163,0.248,0.212,0.235,0.103,0.04,0.77,1.17,1.11,0.49,0.19,1.015,2.139,2.559,0.218,0.459,0.549,0.0,96.0,97.5,0.0,0.0,3125.1,160175.0,Food Prices for Nutrition 1.1,FPN 1.1,Curacao,CUW,2017,YR2017
936,0.577,2.068,2.846,4.93,0.724,0.65,0.416,0.697,0.279,0.08,0.254,0.228,0.146,0.245,0.098,0.028,1.74,1.56,1.68,0.67,0.19,0.515,1.846,2.541,0.095,0.34,0.468,0.0,0.1,0.1,0.0,0.0,0.0,1208523.0,Food Prices for Nutrition 1.1,FPN 1.1,Cyprus,CYP,2017,YR2017
940,0.441,2.361,2.899,6.57,0.693,0.757,0.297,0.7,0.377,0.076,0.239,0.261,0.102,0.241,0.13,0.026,2.33,2.55,2.36,1.27,0.26,0.394,2.108,2.588,0.058,0.313,0.384,0.0,0.1,0.2,0.0,0.0,0.0,10594438.0,Food Prices for Nutrition 1.1,FPN 1.1,Czech Republic,CZE,2017,YR2017
944,0.3,1.728,2.376,7.92,0.546,0.78,0.235,0.498,0.263,0.053,0.23,0.328,0.099,0.21,0.111,0.022,2.32,3.32,2.12,1.12,0.23,0.268,1.543,2.121,0.044,0.253,0.348,0.1,0.2,0.2,0.0,0.0,0.0,5764980.0,Food Prices for Nutrition 1.1,FPN 1.1,Denmark,DNK,2017,YR2017
948,0.616,2.459,2.797,4.54,0.556,0.529,0.449,0.988,0.165,0.111,0.199,0.189,0.161,0.353,0.059,0.04,1.24,1.18,2.2,0.37,0.25,0.55,2.196,2.497,0.257,1.026,1.167,5.6,59.0,65.8,0.1,0.6,0.7,1040233.0,Food Prices for Nutrition 1.1,FPN 1.1,Djibouti,DJI,2017,YR2017
952,1.217,3.478,4.0,3.29,0.66,1.226,0.764,0.841,0.363,0.146,0.165,0.307,0.191,0.21,0.091,0.037,0.86,1.6,1.1,0.48,0.19,1.087,3.105,3.571,0.265,0.756,0.87,0.0,96.0,0.0,381.2,0.0,3125.1,70403.0,Food Prices for Nutrition 1.1,FPN 1.1,Dominica,DMA,2017,YR2017
956,1.181,2.876,3.521,2.98,0.534,0.865,0.681,0.898,0.362,0.181,0.152,0.246,0.193,0.255,0.103,0.051,0.78,1.27,1.32,0.53,0.27,1.054,2.568,3.144,0.152,0.371,0.455,1.3,15.8,24.9,0.1,1.7,2.6,10647244.0,Food Prices for Nutrition 1.1,FPN 1.1,Dominican Republic,DOM,2017,YR2017
960,0.973,2.62,3.7,10.88,0.821,0.842,0.617,0.933,0.363,0.124,0.423,0.487,0.316,0.413,0.264,0.015,3.67,0.52,4.05,0.12,0.79,0.234,5.925,1.627,1.44,3.913,0.247,1.1,16.4,26.1,24.5,369.3,587.9,2288221317.0,Food Prices for Nutrition 1.1,FPN 1.1,East Asia & Pacific,EAS,2017,YR2017
964,1.348,2.512,2.788,2.07,0.329,0.426,0.81,0.753,0.341,0.129,0.118,0.153,0.291,0.27,0.122,0.046,0.41,0.53,0.93,0.42,0.16,1.204,2.243,2.489,0.314,0.586,0.65,4.4,14.8,17.6,0.7,2.5,2.9,16696944.0,Food Prices for Nutrition 1.1,FPN 1.1,Ecuador,ECU,2017,YR2017
968,0.988,2.29,3.457,3.5,0.531,0.489,0.58,1.209,0.384,0.264,0.154,0.141,0.168,0.35,0.111,0.076,0.92,0.84,2.08,0.66,0.46,0.882,2.045,3.087,0.082,0.189,0.286,1.0,33.4,67.4,1.0,34.0,68.6,101789386.0,Food Prices for Nutrition 1.1,FPN 1.1,"Egypt, Arab Rep.",EGY,2017,YR2017
972,1.46,5.866,1.822,10.88,0.162,1.785,1.477,0.377,0.875,0.052,0.065,0.487,0.067,0.123,0.022,0.106,0.41,4.46,0.54,0.12,0.79,1.304,5.238,1.627,0.271,1.089,0.247,0.0,96.0,97.5,0.0,2287.9,0.0,6266654.0,Food Prices for Nutrition 1.1,FPN 1.1,El Salvador,SLV,2017,YR2017
976,0.768,1.865,3.526,4.59,0.593,1.152,0.623,0.804,0.234,0.119,0.168,0.327,0.177,0.228,0.066,0.034,0.95,1.85,1.29,0.38,0.19,0.686,1.665,3.148,0.08,0.193,0.365,0.0,0.0,97.5,381.2,2287.9,0.0,1450694.0,Food Prices for Nutrition 1.1,FPN 1.1,Equatorial Guinea,GNQ,2017,YR2017
980,0.418,2.554,3.125,7.48,0.742,0.542,0.333,0.752,0.671,0.085,0.237,0.173,0.107,0.241,0.215,0.027,2.23,1.63,2.26,2.02,0.26,0.373,2.28,2.79,0.05,0.304,0.372,0.2,0.8,1.0,0.0,0.0,0.0,1317384.0,Food Prices for Nutrition 1.1,FPN 1.1,Estonia,EST,2017,YR2017
984,0.931,2.244,3.428,3.68,0.524,0.766,0.506,1.136,0.342,0.154,0.153,0.223,0.148,0.331,0.1,0.045,1.04,1.51,2.25,0.68,0.3,0.831,2.004,3.061,0.153,0.368,0.562,26.8,64.5,77.1,0.3,0.7,0.9,1151390.0,Food Prices for Nutrition 1.1,FPN 1.1,Eswatini,SWZ,2017,YR2017
988,0.721,2.004,3.108,4.31,0.777,0.545,0.444,0.882,0.271,0.189,0.25,0.175,0.143,0.284,0.087,0.061,1.75,1.23,1.99,0.61,0.43,0.644,1.789,2.775,0.508,1.411,2.188,7.7,62.6,85.8,8.4,67.7,92.8,108197950.0,Food Prices for Nutrition 1.1,FPN 1.1,Ethiopia,ETH,2017,YR2017
992,0.545,2.232,2.954,10.88,0.684,0.687,0.372,0.749,0.371,0.09,0.423,0.108,0.316,0.413,0.264,0.015,0.41,0.52,4.05,2.3,0.79,2.988,5.925,6.035,0.032,3.913,0.247,0.2,2.0,3.8,1.7,16.5,31.4,826577667.0,Food Prices for Nutrition 1.1,FPN 1.1,Europe & Central Asia,ECS,2017,YR2017
996,0.849,2.558,3.612,4.25,0.914,0.795,0.516,1.001,0.198,0.187,0.253,0.22,0.143,0.277,0.055,0.052,1.77,1.54,1.94,0.38,0.36,0.758,2.284,3.225,0.11,0.331,0.468,0.2,21.0,44.5,0.0,0.2,0.4,919019.0,Food Prices for Nutrition 1.1,FPN 1.1,Fiji,FJI,2017,YR2017
1000,0.28,2.465,2.545,9.09,0.597,0.727,0.195,0.543,0.407,0.077,0.235,0.286,0.077,0.213,0.16,0.03,3.06,3.73,2.78,2.09,0.39,0.25,2.201,2.272,0.039,0.347,0.358,0.1,0.1,0.1,0.0,0.0,0.0,5508214.0,Food Prices for Nutrition 1.1,FPN 1.1,Finland,FIN,2017,YR2017
1004,0.315,1.874,2.936,9.32,0.859,0.848,0.246,0.64,0.277,0.066,0.293,0.289,0.084,0.218,0.094,0.022,3.49,3.45,2.6,1.13,0.27,0.281,1.673,2.621,0.04,0.238,0.373,0.0,0.0,0.1,0.0,0.0,0.0,66918020.0,Food Prices for Nutrition 1.1,FPN 1.1,France,FRA,2017,YR2017
1008,0.956,2.57,3.358,3.51,0.568,1.174,0.553,0.735,0.221,0.106,0.169,0.35,0.165,0.219,0.066,0.032,1.03,2.12,1.33,0.4,0.19,0.854,2.295,2.998,0.22,0.592,0.773,1.3,16.3,28.5,0.0,0.3,0.6,2140215.0,Food Prices for Nutrition 1.1,FPN 1.1,Gabon,GAB,2017,YR2017
1012,0.983,2.529,2.942,2.99,0.659,0.897,0.49,0.589,0.141,0.165,0.224,0.305,0.167,0.2,0.048,0.056,1.34,1.83,1.2,0.29,0.34,0.878,2.258,2.627,0.39,1.003,1.167,8.7,62.0,71.7,0.2,1.5,1.7,2381182.0,Food Prices for Nutrition 1.1,FPN 1.1,"Gambia, The",GMB,2017,YR2017
1016,0.262,2.224,2.786,10.63,0.714,0.816,0.235,0.666,0.301,0.052,0.256,0.293,0.084,0.239,0.108,0.019,3.04,3.47,2.83,1.28,0.22,0.234,1.986,2.488,0.036,0.307,0.384,0.0,0.2,0.2,0.0,0.2,0.2,82657002.0,Food Prices for Nutrition 1.1,FPN 1.1,Germany,DEU,2017,YR2017
1020,0.824,2.516,3.767,4.57,0.395,1.263,0.552,1.235,0.172,0.15,0.105,0.335,0.147,0.328,0.046,0.04,0.72,2.29,2.24,0.31,0.27,0.736,2.246,3.363,0.501,1.528,2.288,15.0,62.9,80.0,4.5,19.0,24.2,30222262.0,Food Prices for Nutrition 1.1,FPN 1.1,Ghana,GHA,2017,YR2017
1024,0.672,2.557,3.037,4.52,0.581,0.742,0.41,0.797,0.41,0.096,0.191,0.244,0.135,0.262,0.135,0.032,1.42,1.81,1.94,1.0,0.23,0.6,2.283,2.712,0.076,0.291,0.345,0.5,2.6,3.8,0.1,0.3,0.4,10754679.0,Food Prices for Nutrition 1.1,FPN 1.1,Greece,GRC,2017,YR2017
1028,1.328,3.767,5.382,4.05,1.207,1.189,0.781,1.335,0.69,0.18,0.224,0.221,0.145,0.248,0.128,0.033,1.55,1.52,1.71,0.88,0.23,1.186,3.363,4.805,0.165,0.469,0.67,78.5,96.0,0.0,0.0,0.0,0.0,120921.0,Food Prices for Nutrition 1.1,FPN 1.1,Grenada,GRD,2017,YR2017
1032,0.904,2.215,3.655,4.04,0.453,1.781,0.495,0.559,0.188,0.179,0.124,0.487,0.135,0.153,0.051,0.049,0.92,3.6,1.13,0.38,0.36,0.807,1.978,3.263,0.246,0.603,0.995,8.5,61.4,88.4,1.0,7.5,10.8,12240789.0,Food Prices for Nutrition 1.1,FPN 1.1,Guinea,GIN,2017,YR2017
1036,0.925,1.857,3.164,3.42,0.528,1.277,0.576,0.569,0.069,0.146,0.167,0.404,0.182,0.18,0.022,0.046,0.92,2.22,0.99,0.12,0.25,0.826,1.658,2.825,0.261,0.524,0.893,18.2,59.6,84.4,0.3,1.1,1.6,1879826.0,Food Prices for Nutrition 1.1,FPN 1.1,Guinea-Bissau,GNB,2017,YR2017
1040,0.727,3.606,4.629,6.37,1.282,1.117,0.509,0.922,0.666,0.132,0.277,0.241,0.11,0.199,0.144,0.029,2.52,2.19,1.81,1.31,0.26,0.649,3.22,4.133,0.185,0.918,1.179,4.5,32.7,46.5,0.0,0.2,0.4,763252.0,Food Prices for Nutrition 1.1,FPN 1.1,Guyana,GUY,2017,YR2017
1044,1.095,2.929,3.93,3.59,0.377,0.845,0.646,1.583,0.35,0.128,0.096,0.215,0.164,0.403,0.089,0.033,0.58,1.31,2.45,0.54,0.2,0.978,2.615,3.509,0.411,1.1,1.476,24.2,75.0,85.5,2.6,8.2,9.3,10863543.0,Food Prices for Nutrition 1.1,FPN 1.1,Haiti,HTI,2017,YR2017
1048,0.709,2.401,3.138,1.306955435,0.688,0.799,0.452,0.744,0.353,0.101,0.065,0.487,0.067,0.413,0.264,0.015,3.67,0.52,0.54,2.3,0.06,0.234,5.925,1.627,0.032,0.167,0.247,0.6,1.0,1.6,6.7,11.5,18.1,1195574812.0,Food Prices for Nutrition 1.1,FPN 1.1,High income,HIC,2017,YR2017
1052,1.146,3.472,3.36,2.93,0.484,0.68,0.637,1.083,0.229,0.248,0.144,0.202,0.19,0.322,0.068,0.074,0.76,1.07,1.7,0.36,0.39,1.023,3.1,3.0,0.326,0.988,0.956,14.3,49.9,48.5,1.4,4.8,4.7,9626842.0,Food Prices for Nutrition 1.1,FPN 1.1,Honduras,HND,2017,YR2017
1056,0.908,2.316,3.659,4.03,0.675,0.742,0.745,1.034,0.304,0.16,0.184,0.203,0.204,0.283,0.083,0.044,0.91,1.0,1.39,0.41,0.21,0.811,2.068,3.267,0.08,0.203,0.321,78.5,0.0,0.0,381.2,2287.9,0.0,7393200.0,Food Prices for Nutrition 1.1,FPN 1.1,"Hong Kong SAR, China",HKG,2017,YR2017
1060,0.434,2.258,3.302,7.61,0.828,0.754,0.407,0.805,0.42,0.089,0.251,0.228,0.123,0.244,0.127,0.027,2.03,1.85,1.98,1.03,0.22,0.388,2.016,2.948,0.065,0.336,0.491,0.3,1.9,3.7,0.0,0.2,0.4,9787966.0,Food Prices for Nutrition 1.1,FPN 1.1,Hungary,HUN,2017,YR2017
1064,0.378,2.422,2.213,5.85,0.484,0.525,0.277,0.596,0.277,0.055,0.219,0.237,0.125,0.269,0.125,0.025,1.75,1.9,2.15,1.0,0.2,0.338,2.163,1.976,0.042,0.271,0.247,0.0,0.0,0.0,0.0,0.0,0.0,343400.0,Food Prices for Nutrition 1.1,FPN 1.1,Iceland,ISL,2017,YR2017
1068,0.789,2.125,2.824,3.58,0.504,0.588,0.407,0.892,0.292,0.142,0.178,0.208,0.144,0.316,0.103,0.05,1.24,1.44,2.19,0.72,0.35,0.704,1.897,2.521,0.274,0.737,0.979,3.2,64.0,78.8,43.4,866.8,1067.4,1354195680.0,Food Prices for Nutrition 1.1,FPN 1.1,India,IND,2017,YR2017
1072,1.021,2.664,4.129,4.04,0.792,1.16,0.69,0.929,0.429,0.13,0.192,0.281,0.167,0.225,0.104,0.031,1.15,1.68,1.35,0.62,0.19,0.912,2.379,3.687,0.209,0.545,0.844,4.3,49.4,72.8,11.4,130.8,192.5,264498852.0,Food Prices for Nutrition 1.1,FPN 1.1,Indonesia,IDN,2017,YR2017
1076,0.871,2.009,3.005,3.45,0.627,0.49,0.444,0.704,0.575,0.165,0.209,0.163,0.148,0.234,0.191,0.055,1.41,1.1,1.59,1.3,0.37,0.778,1.794,2.683,0.218,0.503,0.753,0.2,5.0,14.4,0.1,4.2,12.1,84505076.0,Food Prices for Nutrition 1.1,FPN 1.1,"Iran, Islamic Rep.",IRN,2017,YR2017
1080,1.165,2.505,3.378,2.9,0.654,0.667,0.639,0.999,0.285,0.133,0.194,0.197,0.189,0.296,0.084,0.039,1.02,1.04,1.56,0.45,0.21,1.04,2.237,3.016,0.25,0.538,0.726,0.1,6.0,17.2,0.0,2.4,6.8,39621162.0,Food Prices for Nutrition 1.1,FPN 1.1,Iraq,IRQ,2017,YR2017
1084,0.568,2.026,2.397,4.22,0.621,0.582,0.326,0.523,0.285,0.06,0.259,0.243,0.136,0.218,0.119,0.025,1.9,1.79,1.6,0.87,0.18,0.507,1.809,2.14,0.116,0.415,0.491,0.2,0.3,0.4,0.0,0.0,0.0,4807388.0,Food Prices for Nutrition 1.1,FPN 1.1,Ireland,IRL,2017,YR2017
1088,0.503,1.898,2.436,4.84,0.562,0.397,0.345,0.842,0.216,0.074,0.231,0.163,0.142,0.346,0.089,0.03,1.63,1.15,2.44,0.63,0.21,0.449,1.695,2.175,0.062,0.233,0.299,0.2,1.2,1.9,0.0,0.1,0.2,8713300.0,Food Prices for Nutrition 1.1,FPN 1.1,Israel,ISR,2017,YR2017
1092,0.312,2.226,2.885,9.25,0.812,0.751,0.221,0.778,0.266,0.057,0.281,0.26,0.077,0.27,0.092,0.02,3.67,3.4,3.52,1.2,0.26,0.279,1.988,2.576,0.035,0.251,0.325,1.0,2.1,2.8,0.6,1.3,1.7,60536709.0,Food Prices for Nutrition 1.1,FPN 1.1,Italy,ITA,2017,YR2017
1096,1.015,4.057,5.975,5.89,1.997,1.454,0.684,1.144,0.454,0.242,0.334,0.243,0.114,0.191,0.076,0.041,2.92,2.13,1.67,0.66,0.35,0.906,3.622,5.335,0.156,0.623,0.917,0.9,37.6,58.7,0.0,1.1,1.6,2808376.0,Food Prices for Nutrition 1.1,FPN 1.1,Jamaica,JAM,2017,YR2017
1100,2.958,3.557,5.529,1.87,1.003,1.567,1.477,0.887,0.51,0.085,0.181,0.283,0.267,0.16,0.092,0.015,0.68,1.06,0.6,0.35,0.06,2.641,3.176,4.937,0.343,0.412,0.64,1.2,1.4,2.7,1.5,1.8,3.4,126972000.0,Food Prices for Nutrition 1.1,FPN 1.1,Japan,JPN,2017,YR2017
1104,0.643,1.61,3.412,5.31,0.604,0.667,0.402,1.288,0.324,0.127,0.177,0.195,0.118,0.377,0.095,0.037,1.5,1.66,3.2,0.81,0.32,0.574,1.438,3.046,0.138,0.345,0.732,0.0,0.1,3.9,0.0,0.0,0.4,10215381.0,Food Prices for Nutrition 1.1,FPN 1.1,Jordan,JOR,2017,YR2017
1108,0.653,1.753,2.391,3.66,0.356,0.344,0.43,0.672,0.466,0.124,0.149,0.144,0.18,0.281,0.195,0.052,0.83,0.8,1.56,1.08,0.29,0.583,1.565,2.135,0.077,0.207,0.283,0.0,0.5,2.5,0.0,0.1,0.5,18037776.0,Food Prices for Nutrition 1.1,FPN 1.1,Kazakhstan,KAZ,2017,YR2017
1112,0.767,1.851,2.846,3.71,0.569,0.515,0.432,0.935,0.216,0.179,0.2,0.181,0.152,0.329,0.076,0.063,1.32,1.19,2.16,0.5,0.41,0.685,1.653,2.541,0.213,0.514,0.79,11.7,57.1,77.5,5.7,27.9,37.9,48948137.0,Food Prices for Nutrition 1.1,FPN 1.1,Kenya,KEN,2017,YR2017
1116,0.669,4.242,4.712,7.04,1.331,1.265,0.485,1.188,0.365,0.078,0.282,0.268,0.103,0.252,0.077,0.017,2.74,2.61,2.45,0.75,0.16,0.597,3.788,4.207,0.129,0.817,0.908,0.0,1.5,2.2,0.0,0.8,1.2,51361911.0,Food Prices for Nutrition 1.1,FPN 1.1,"Korea, Rep.",KOR,2017,YR2017
1120,0.341,1.791,3.344,9.81,0.64,0.924,0.253,1.024,0.333,0.169,0.191,0.276,0.076,0.306,0.1,0.051,2.53,3.65,4.05,1.32,0.67,0.304,1.599,2.986,0.054,0.282,0.526,78.5,0.0,0.0,0.0,0.0,0.0,4124904.0,Food Prices for Nutrition 1.1,FPN 1.1,Kuwait,KWT,2017,YR2017
1124,0.965,2.459,2.97,3.08,0.466,0.445,0.529,0.796,0.562,0.172,0.157,0.15,0.178,0.268,0.189,0.058,0.88,0.84,1.5,1.06,0.33,0.862,2.196,2.652,0.22,0.56,0.676,0.7,38.9,56.3,0.0,2.4,3.5,6198200.0,Food Prices for Nutrition 1.1,FPN 1.1,Kyrgyz Republic,KGZ,2017,YR2017
1128,0.724,2.901,3.776,5.22,0.736,0.892,0.478,1.105,0.394,0.172,0.195,0.236,0.127,0.293,0.104,0.046,1.54,1.87,2.31,0.82,0.36,0.646,2.59,3.371,0.171,0.687,0.894,0.8,61.1,75.3,0.1,4.3,5.3,6997917.0,Food Prices for Nutrition 1.1,FPN 1.1,Lao PDR,LAO,2017,YR2017
1132,1.09,3.056,3.619,1.306955435,0.658,0.885,0.615,0.882,0.427,0.153,0.423,0.108,0.067,0.413,0.264,0.015,0.41,0.52,0.54,0.12,0.06,2.988,1.047,1.627,1.44,3.913,0.247,3.0,17.9,22.1,17.2,101.2,124.5,572342871.0,Food Prices for Nutrition 1.1,FPN 1.1,Latin America & Caribbean,LCN,2017,YR2017
1136,0.442,2.029,3.124,7.07,0.648,0.921,0.335,0.794,0.314,0.111,0.207,0.295,0.107,0.254,0.101,0.036,1.93,2.75,2.37,0.94,0.33,0.395,1.812,2.789,0.06,0.278,0.428,0.2,1.7,3.4,0.0,0.0,0.1,1942248.0,Food Prices for Nutrition 1.1,FPN 1.1,Latvia,LVA,2017,YR2017
1140,0.608,2.306,3.77,6.2,0.838,0.788,0.462,1.172,0.362,0.148,0.222,0.209,0.123,0.311,0.096,0.039,1.81,1.71,2.54,0.78,0.32,0.543,2.059,3.366,0.236,0.895,1.463,10.7,63.2,83.2,0.2,1.4,1.8,2170617.0,Food Prices for Nutrition 1.1,FPN 1.1,Lesotho,LSO,2017,YR2017
1144,0.971,2.982,4.018,4.14,0.901,0.84,1.27,0.685,0.229,0.092,0.224,0.209,0.316,0.17,0.057,0.023,0.71,0.66,0.54,0.18,0.07,0.867,2.663,3.588,1.274,3.913,5.272,20.4,82.9,92.1,1.0,4.0,4.4,4796631.0,Food Prices for Nutrition 1.1,FPN 1.1,Liberia,LBR,2017,YR2017
1148,0.505,1.969,3.003,5.95,0.67,0.834,0.368,0.702,0.343,0.086,0.223,0.278,0.123,0.234,0.114,0.029,1.82,2.27,1.91,0.93,0.23,0.451,1.758,2.681,0.044,0.173,0.263,0.8,1.6,3.3,0.0,0.0,0.1,2828403.0,Food Prices for Nutrition 1.1,FPN 1.1,Lithuania,LTU,2017,YR2017
1152,0.835,2.038,3.084,1.513248283,0.495,0.761,0.533,0.941,0.192,0.16,0.065,0.487,0.067,0.123,0.264,0.015,0.41,4.46,0.54,2.3,0.79,2.988,1.047,1.627,0.032,0.167,0.247,18.9,72.7,88.7,90.4,348.2,424.9,487090766.0,Food Prices for Nutrition 1.1,FPN 1.1,Low income,LIC,2017,YR2017
1156,0.945,2.507,3.398,1.355404866,0.639,0.762,0.53,0.99,0.321,0.156,0.065,0.108,0.067,0.413,0.264,0.106,0.41,4.46,4.05,0.12,0.79,0.234,1.047,6.035,0.032,3.913,5.272,7.2,53.0,72.4,223.9,1656.1,2263.2,3148189256.0,Food Prices for Nutrition 1.1,FPN 1.1,Lower middle income,LMC,2017,YR2017
1160,0.335,2.038,2.492,7.44,0.762,0.53,0.208,0.656,0.28,0.056,0.306,0.213,0.083,0.263,0.112,0.022,3.66,2.55,3.15,1.35,0.27,0.299,1.82,2.225,0.04,0.244,0.298,0.1,0.4,0.4,0.0,0.0,0.0,596336.0,Food Prices for Nutrition 1.1,FPN 1.1,Luxembourg,LUX,2017,YR2017
1164,1.079,2.589,2.987,2.77,0.563,0.324,0.555,1.02,0.328,0.197,0.188,0.108,0.186,0.341,0.11,0.066,1.01,0.58,1.84,0.59,0.35,0.963,2.312,2.667,0.588,1.41,1.627,78.5,96.0,97.1,20.5,25.1,25.4,26169542.0,Food Prices for Nutrition 1.1,FPN 1.1,Madagascar,MDG,2017,YR2017
1168,0.285,1.616,2.724,9.56,0.396,0.61,0.328,1.085,0.13,0.176,0.145,0.224,0.12,0.398,0.048,0.065,1.21,1.86,3.31,0.4,0.54,0.254,1.443,2.432,0.219,1.243,2.095,2.4,83.2,94.5,0.4,14.9,16.9,17881167.0,Food Prices for Nutrition 1.1,FPN 1.1,Malawi,MWI,2017,YR2017
1172,0.909,2.384,3.224,3.55,0.929,0.648,0.456,0.83,0.294,0.067,0.288,0.201,0.141,0.257,0.091,0.021,2.04,1.42,1.82,0.64,0.15,0.812,2.129,2.879,0.104,0.274,0.371,0.0,0.9,2.9,0.0,0.3,0.9,31975806.0,Food Prices for Nutrition 1.1,FPN 1.1,Malaysia,MYS,2017,YR2017
1176,0.423,2.686,3.581,8.47,0.861,1.067,0.239,0.906,0.409,0.099,0.24,0.298,0.067,0.253,0.114,0.028,3.6,4.46,3.79,1.71,0.41,0.378,2.398,3.197,0.145,0.919,1.225,0.0,0.9,4.0,0.0,0.0,0.0,472442.0,Food Prices for Nutrition 1.1,FPN 1.1,Maldives,MDV,2017,YR2017
1180,0.6,1.985,2.9,4.83,0.543,0.648,0.43,1.003,0.134,0.143,0.187,0.223,0.148,0.346,0.046,0.049,1.26,1.51,2.33,0.31,0.33,0.536,1.772,2.589,0.233,0.77,1.126,1.9,57.2,77.0,0.4,11.0,14.9,19311355.0,Food Prices for Nutrition 1.1,FPN 1.1,Mali,MLI,2017,YR2017
1184,0.741,2.647,3.494,4.72,0.931,0.73,0.508,0.795,0.45,0.08,0.266,0.209,0.145,0.228,0.129,0.023,1.83,1.44,1.56,0.89,0.16,0.662,2.363,3.12,0.109,0.388,0.512,0.1,0.3,0.3,0.0,0.0,0.0,467999.0,Food Prices for Nutrition 1.1,FPN 1.1,Malta,MLT,2017,YR2017
1188,0.877,2.814,3.451,3.94,0.804,0.87,0.463,0.96,0.194,0.16,0.233,0.252,0.134,0.278,0.056,0.046,1.74,1.88,2.07,0.42,0.35,0.783,2.513,3.081,0.263,0.845,1.036,2.8,48.7,62.1,0.1,2.0,2.6,4160015.0,Food Prices for Nutrition 1.1,FPN 1.1,Mauritania,MRT,2017,YR2017
1192,0.814,2.519,3.313,4.07,0.565,1.07,0.407,0.876,0.296,0.1,0.171,0.323,0.123,0.264,0.089,0.03,1.39,2.63,2.15,0.73,0.25,0.727,2.249,2.958,0.078,0.242,0.318,0.0,4.3,10.9,0.0,0.1,0.1,1264613.0,Food Prices for Nutrition 1.1,FPN 1.1,Mauritius,MUS,2017,YR2017
1196,0.643,2.483,2.993,4.65,0.599,0.771,0.411,0.766,0.35,0.096,0.2,0.258,0.137,0.256,0.117,0.032,1.46,1.88,1.86,0.85,0.23,0.574,2.217,2.672,0.082,0.315,0.38,0.7,17.2,24.3,0.9,21.2,29.8,122839258.0,Food Prices for Nutrition 1.1,FPN 1.1,Mexico,MEX,2017,YR2017
1200,0.737,2.032,3.14,1.306955435,0.652,0.601,0.461,0.941,0.345,0.141,0.065,0.487,0.316,0.123,0.022,0.015,0.41,0.52,0.54,0.12,0.06,2.988,1.047,1.627,0.032,3.913,0.247,0.4,13.5,32.3,1.3,47.1,112.6,395380211.0,Food Prices for Nutrition 1.1,FPN 1.1,Middle East & North Africa,MEA,2017,YR2017
1204,0.802,1.683,2.46,3.07,0.432,0.339,0.462,0.746,0.36,0.121,0.176,0.138,0.188,0.303,0.146,0.049,0.94,0.73,1.61,0.78,0.26,0.716,1.503,2.196,0.116,0.243,0.355,0.0,0.3,3.5,0.0,0.0,0.1,2755189.0,Food Prices for Nutrition 1.1,FPN 1.1,Moldova,MDA,2017,YR2017
1208,0.743,2.259,4.544,6.12,1.921,0.68,0.553,0.756,0.468,0.167,0.423,0.15,0.122,0.166,0.103,0.037,3.47,1.23,1.37,0.85,0.3,0.663,2.017,4.057,0.16,0.487,0.979,0.1,14.2,58.2,0.0,0.4,1.8,3096030.0,Food Prices for Nutrition 1.1,FPN 1.1,Mongolia,MNG,2017,YR2017
1212,0.551,2.294,3.397,6.17,0.833,0.829,0.425,0.862,0.367,0.081,0.245,0.244,0.125,0.254,0.108,0.024,1.96,1.95,2.03,0.86,0.19,0.492,2.048,3.033,0.05,0.209,0.31,1.6,9.1,15.9,0.0,0.1,0.1,622373.0,Food Prices for Nutrition 1.1,FPN 1.1,Montenegro,MNE,2017,YR2017
1216,1.381,3.684,4.883,3.54,0.876,1.785,0.76,0.799,0.462,0.201,0.179,0.366,0.156,0.164,0.095,0.041,1.15,2.35,1.05,0.61,0.26,1.233,3.289,4.36,0.222,0.591,0.784,78.5,96.0,0.0,0.0,2287.9,3125.1,7262444211.0,Food Prices for Nutrition 1.1,FPN 1.1,Montserrat,MSR,2017,YR2017
1220,0.608,1.912,2.71,4.46,0.539,0.485,0.41,0.798,0.358,0.119,0.199,0.179,0.151,0.294,0.132,0.044,1.31,1.18,1.95,0.87,0.29,0.543,1.707,2.42,0.144,0.452,0.641,0.1,8.2,21.4,0.0,2.9,7.6,35528115.0,Food Prices for Nutrition 1.1,FPN 1.1,Morocco,MAR,2017,YR2017
1224,0.383,1.969,3.031,7.91,0.389,0.843,0.408,0.993,0.208,0.191,0.128,0.278,0.135,0.328,0.069,0.063,0.95,2.07,2.43,0.51,0.47,0.342,1.758,2.706,0.244,1.255,1.932,13.0,83.1,91.1,3.7,23.7,26.0,28569441.0,Food Prices for Nutrition 1.1,FPN 1.1,Mozambique,MOZ,2017,YR2017
1228,0.91,2.6,3.706,4.07,0.64,0.913,0.645,1.029,0.368,0.111,0.173,0.246,0.174,0.278,0.099,0.03,0.99,1.42,1.6,0.57,0.17,0.813,2.321,3.309,0.254,0.726,1.034,0.7,42.7,71.0,0.4,22.3,37.1,52288341.0,Food Prices for Nutrition 1.1,FPN 1.1,Myanmar,MMR,2017,YR2017
1232,1.009,1.839,3.255,3.23,0.811,0.83,0.571,0.736,0.192,0.115,0.249,0.255,0.175,0.226,0.059,0.035,1.42,1.45,1.29,0.34,0.2,0.901,1.642,2.906,0.304,0.553,0.979,14.0,33.7,55.5,0.3,0.8,1.3,2364534.0,Food Prices for Nutrition 1.1,FPN 1.1,Namibia,NAM,2017,YR2017
1236,0.987,2.565,4.127,4.18,1.025,0.711,0.507,1.38,0.337,0.166,0.248,0.172,0.123,0.334,0.082,0.04,2.02,1.4,2.72,0.66,0.33,0.881,2.29,3.685,0.253,0.657,1.057,2.5,50.1,79.9,0.7,14.1,22.5,28183426.0,Food Prices for Nutrition 1.1,FPN 1.1,Nepal,NPL,2017,YR2017
1240,0.297,1.771,2.743,9.24,0.607,0.892,0.322,0.614,0.255,0.053,0.221,0.325,0.117,0.224,0.093,0.019,1.89,2.77,1.91,0.79,0.16,0.265,1.581,2.449,0.043,0.254,0.394,0.0,0.3,0.4,0.0,0.0,0.1,17131296.0,Food Prices for Nutrition 1.1,FPN 1.1,Netherlands,NLD,2017,YR2017
1244,0.489,2.223,2.671,5.46,0.663,0.6,0.313,0.739,0.299,0.056,0.248,0.225,0.117,0.277,0.112,0.021,2.12,1.92,2.36,0.96,0.18,0.437,1.985,2.385,0.058,0.265,0.319,78.5,0.0,97.5,381.2,2287.9,3125.1,4813600.0,Food Prices for Nutrition 1.1,FPN 1.1,New Zealand,NZL,2017,YR2017
1248,1.436,2.489,3.191,2.22,0.373,0.743,0.587,1.016,0.331,0.14,0.117,0.233,0.184,0.318,0.104,0.044,0.64,1.27,1.73,0.56,0.24,1.282,2.222,2.849,0.421,0.729,0.935,5.7,21.1,31.9,0.4,1.4,2.1,6480532.0,Food Prices for Nutrition 1.1,FPN 1.1,Nicaragua,NIC,2017,YR2017
1252,0.608,1.658,2.85,4.69,0.601,0.473,0.401,1.138,0.094,0.144,0.211,0.166,0.141,0.399,0.033,0.051,1.5,1.18,2.84,0.23,0.36,0.543,1.48,2.545,0.867,2.364,4.064,13.7,77.1,92.9,3.0,16.8,20.2,21737922.0,Food Prices for Nutrition 1.1,FPN 1.1,Niger,NER,2017,YR2017
1256,1.382,2.115,3.565,2.58,0.522,0.932,0.757,0.994,0.23,0.13,0.146,0.261,0.212,0.279,0.065,0.036,0.69,1.23,1.31,0.3,0.17,1.234,1.888,3.183,0.234,0.358,0.603,44.3,69.4,90.2,85.7,134.2,174.6,193495907.0,Food Prices for Nutrition 1.1,FPN 1.1,Nigeria,NGA,2017,YR2017
1260,0.892,3.011,3.386,10.88,0.587,1.103,0.611,0.608,0.375,0.101,0.065,0.108,0.067,0.413,0.264,0.015,0.41,4.46,4.05,2.3,0.79,0.234,5.925,1.627,1.44,0.167,5.272,1.1,1.4,1.9,4.1,5.1,6.8,361731237.0,Food Prices for Nutrition 1.1,FPN 1.1,North America,NAC,2017,YR2017
1264,0.73,2.972,3.318,4.55,0.64,0.712,0.525,0.949,0.347,0.146,0.193,0.215,0.158,0.286,0.105,0.044,1.22,1.36,1.81,0.66,0.28,0.652,2.654,2.963,0.096,0.389,0.434,2.6,16.8,20.1,0.1,0.3,0.4,2074502.0,Food Prices for Nutrition 1.1,FPN 1.1,North Macedonia,MKD,2017,YR2017
1268,1.122,2.849,3.325,2.96,0.615,1.122,0.565,0.691,0.257,0.075,0.185,0.337,0.17,0.208,0.077,0.023,1.09,1.99,1.22,0.45,0.13,1.002,2.544,2.969,0.15,0.382,0.446,0.3,0.5,0.6,0.0,0.0,0.0,5276968.0,Food Prices for Nutrition 1.1,FPN 1.1,Norway,NOR,2017,YR2017
1272,0.522,1.899,2.815,5.39,0.378,0.599,0.496,0.842,0.351,0.148,0.134,0.213,0.176,0.299,0.125,0.053,0.76,1.21,1.7,0.71,0.3,0.466,1.696,2.513,0.072,0.263,0.39,0.0,96.0,0.0,381.2,0.0,0.0,4541854.0,Food Prices for Nutrition 1.1,FPN 1.1,Oman,OMN,2017,YR2017
1276,0.768,1.946,3.408,4.44,0.923,0.524,0.41,1.019,0.34,0.193,0.271,0.154,0.12,0.299,0.1,0.057,2.25,1.28,2.49,0.83,0.47,0.686,1.738,3.043,0.209,0.53,0.928,0.2,39.6,80.4,0.5,85.7,174.0,216379655.0,Food Prices for Nutrition 1.1,FPN 1.1,Pakistan,PAK,2017,YR2017
1280,1.128,3.224,4.225,3.75,0.654,1.295,0.69,1.11,0.306,0.17,0.155,0.307,0.163,0.263,0.072,0.04,0.95,1.88,1.61,0.44,0.25,1.007,2.879,3.772,0.138,0.394,0.516,2.2,12.1,17.5,0.1,0.5,0.7,4096063.0,Food Prices for Nutrition 1.1,FPN 1.1,Panama,PAN,2017,YR2017
1284,0.95,3.886,3.43,3.61,0.455,0.724,0.474,0.809,0.826,0.142,0.133,0.211,0.138,0.236,0.241,0.041,0.96,1.53,1.71,1.74,0.3,0.848,3.47,3.063,0.162,0.662,0.585,0.5,24.4,19.9,0.0,1.6,1.3,6355404.0,Food Prices for Nutrition 1.1,FPN 1.1,Paraguay,PRY,2017,YR2017
1288,0.916,2.24,3.084,3.37,0.57,0.552,0.591,0.898,0.35,0.122,0.185,0.179,0.192,0.291,0.113,0.04,0.96,0.93,1.52,0.59,0.21,0.818,2.0,2.754,0.207,0.505,0.696,2.7,16.5,26.6,0.9,5.2,8.4,31605486.0,Food Prices for Nutrition 1.1,FPN 1.1,Peru,PER,2017,YR2017
1292,1.158,2.82,3.843,3.32,0.591,0.953,0.684,1.095,0.319,0.201,0.154,0.248,0.178,0.285,0.083,0.052,0.86,1.39,1.6,0.47,0.29,1.034,2.518,3.431,0.176,0.43,0.586,6.9,53.1,70.0,7.4,56.7,74.8,106738501.0,Food Prices for Nutrition 1.1,FPN 1.1,Philippines,PHL,2017,YR2017
1296,0.39,1.925,2.909,7.46,0.651,0.89,0.318,0.584,0.377,0.09,0.224,0.306,0.109,0.201,0.13,0.031,2.05,2.8,1.84,1.19,0.28,0.348,1.719,2.597,0.051,0.252,0.381,0.0,0.1,1.0,0.0,0.0,0.4,37974826.0,Food Prices for Nutrition 1.1,FPN 1.1,Poland,POL,2017,YR2017
1300,0.412,1.835,2.513,6.1,0.687,0.62,0.271,0.583,0.275,0.078,0.273,0.247,0.108,0.232,0.109,0.031,2.54,2.29,2.15,1.01,0.29,0.368,1.638,2.244,0.046,0.203,0.278,0.1,0.7,1.1,0.0,0.1,0.1,10300300.0,Food Prices for Nutrition 1.1,FPN 1.1,Portugal,PRT,2017,YR2017
1304,0.602,1.173,2.375,3.95,0.478,0.493,0.344,0.679,0.311,0.071,0.201,0.208,0.145,0.286,0.131,0.03,1.39,1.43,1.97,0.9,0.21,0.538,1.047,2.121,0.118,0.23,0.466,0.0,96.0,97.5,381.2,2287.9,3125.1,2711755.0,Food Prices for Nutrition 1.1,FPN 1.1,Qatar,QAT,2017,YR2017
1308,0.489,2.186,2.921,5.97,0.697,0.497,0.358,0.945,0.351,0.073,0.239,0.17,0.123,0.324,0.12,0.025,1.95,1.39,2.64,0.98,0.2,0.437,1.952,2.608,0.046,0.205,0.273,0.9,8.0,11.9,0.2,1.6,2.3,19588715.0,Food Prices for Nutrition 1.1,FPN 1.1,Romania,ROU,2017,YR2017
1312,0.606,2.215,3.149,5.2,0.745,0.739,0.36,0.98,0.191,0.135,0.237,0.235,0.114,0.311,0.061,0.043,2.07,2.05,2.72,0.53,0.38,0.541,1.978,2.812,0.066,0.241,0.343,0.0,0.8,3.3,0.0,1.1,4.7,144496739.0,Food Prices for Nutrition 1.1,FPN 1.1,Russian Federation,RUS,2017,YR2017
1316,0.763,1.311,2.609,3.42,0.481,0.303,0.58,0.919,0.136,0.19,0.184,0.116,0.222,0.352,0.052,0.073,0.83,0.52,1.58,0.23,0.33,0.681,1.171,2.329,0.529,0.908,1.808,28.1,61.3,87.0,3.4,7.5,10.6,12230339.0,Food Prices for Nutrition 1.1,FPN 1.1,Rwanda,RWA,2017,YR2017
1320,0.896,2.569,3.288,3.67,0.241,1.046,0.477,1.015,0.392,0.117,0.073,0.318,0.145,0.309,0.119,0.036,0.51,2.19,2.13,0.82,0.25,0.8,2.294,2.936,0.191,0.548,0.702,7.8,63.4,76.6,0.0,0.1,0.2,208036.0,Food Prices for Nutrition 1.1,FPN 1.1,Sao Tome and Principe,STP,2017,YR2017
1324,0.883,1.752,3.441,3.9,0.739,0.738,0.457,1.031,0.303,0.173,0.215,0.214,0.133,0.3,0.088,0.05,1.62,1.61,2.26,0.66,0.38,0.788,1.564,3.072,0.084,0.167,0.329,78.5,0.0,0.0,0.0,0.0,0.0,34193122.0,Food Prices for Nutrition 1.1,FPN 1.1,Saudi Arabia,SAU,2017,YR2017
1328,0.745,1.858,2.19,2.94,0.422,0.677,0.401,0.377,0.124,0.19,0.193,0.309,0.183,0.172,0.057,0.087,1.05,1.69,0.94,0.31,0.47,0.665,1.659,1.955,0.23,0.574,0.677,3.3,43.0,53.4,0.5,6.5,8.1,15157793.0,Food Prices for Nutrition 1.1,FPN 1.1,Senegal,SEN,2017,YR2017
1332,0.601,2.669,4.07,6.77,0.872,0.92,0.572,0.998,0.612,0.096,0.214,0.226,0.141,0.245,0.15,0.024,1.52,1.61,1.74,1.07,0.17,0.537,2.383,3.634,0.09,0.398,0.608,3.2,14.3,27.2,0.2,1.0,1.9,7020858.0,Food Prices for Nutrition 1.1,FPN 1.1,Serbia,SRB,2017,YR2017
1336,0.634,2.169,4.01,6.32,0.476,1.094,0.381,1.088,0.875,0.095,0.119,0.273,0.095,0.271,0.218,0.024,1.25,2.87,2.86,2.3,0.25,0.566,1.937,3.58,0.128,0.437,0.807,0.1,2.5,8.7,0.0,0.0,0.0,95843.0,Food Prices for Nutrition 1.1,FPN 1.1,Seychelles,SYC,2017,YR2017
1340,1.243,2.201,2.842,2.29,0.298,0.756,0.655,0.754,0.257,0.122,0.105,0.266,0.23,0.265,0.09,0.043,0.45,1.15,1.15,0.39,0.19,1.11,1.965,2.538,0.579,1.025,1.323,34.9,73.3,84.2,2.7,5.6,6.5,7677565.0,Food Prices for Nutrition 1.1,FPN 1.1,Sierra Leone,SLE,2017,YR2017
1344,0.751,2.024,2.775,3.7,0.615,0.605,0.519,0.611,0.324,0.102,0.222,0.218,0.187,0.22,0.117,0.037,1.18,1.17,1.18,0.62,0.2,0.671,1.807,2.478,0.148,0.4,0.548,78.5,96.0,97.5,381.2,2287.9,3125.1,5612253.0,Food Prices for Nutrition 1.1,FPN 1.1,Singapore,SGP,2017,YR2017
1348,2.251,3.944,4.462,1.98,0.905,0.91,1.26,0.864,0.328,0.195,0.203,0.204,0.282,0.194,0.074,0.044,0.72,0.72,0.69,0.26,0.15,2.01,3.521,3.984,0.42,0.737,0.833,78.5,96.0,97.5,381.2,0.0,0.0,40574.0,Food Prices for Nutrition 1.1,FPN 1.1,Sint Maarten (Dutch part),SXM,2017,YR2017
1352,0.363,1.977,3.013,8.3,0.634,0.974,0.35,0.667,0.311,0.077,0.21,0.323,0.116,0.221,0.103,0.026,1.81,2.78,1.91,0.89,0.22,0.324,1.765,2.69,0.052,0.285,0.434,0.1,1.4,2.1,0.0,0.1,0.1,5439232.0,Food Prices for Nutrition 1.1,FPN 1.1,Slovak Republic,SVK,2017,YR2017
1356,0.434,2.015,2.798,6.45,0.669,0.722,0.29,0.698,0.346,0.072,0.239,0.258,0.104,0.249,0.124,0.026,2.31,2.49,2.41,1.19,0.25,0.388,1.799,2.498,0.061,0.284,0.394,0.0,0.0,0.1,0.0,0.0,0.0,2066388.0,Food Prices for Nutrition 1.1,FPN 1.1,Slovenia,SVN,2017,YR2017
1360,1.265,3.407,4.102,3.24,0.727,0.702,0.633,1.059,0.852,0.129,0.177,0.171,0.154,0.258,0.208,0.031,1.15,1.11,1.67,1.35,0.2,1.129,3.042,3.663,0.293,0.789,0.95,24.7,60.7,65.7,14.0,34.4,37.2,56641209.0,Food Prices for Nutrition 1.1,FPN 1.1,South Africa,ZAF,2017,YR2017
1364,0.804,2.328,3.558,10.88,0.842,0.729,0.422,1.076,0.318,0.172,0.423,0.108,0.067,0.123,0.264,0.106,3.67,4.46,4.05,2.3,0.06,2.988,1.047,1.627,0.032,0.167,0.247,2.6,58.8,78.3,45.6,1047.9,1396.5,1783225288.0,Food Prices for Nutrition 1.1,FPN 1.1,South Asia,SAS,2017,YR2017
1368,0.438,1.752,2.699,6.16,0.796,0.739,0.278,0.623,0.211,0.053,0.295,0.274,0.103,0.231,0.078,0.02,2.86,2.66,2.24,0.76,0.19,0.391,1.564,2.41,0.06,0.241,0.371,0.5,1.0,1.7,0.2,0.5,0.8,46593236.0,Food Prices for Nutrition 1.1,FPN 1.1,Spain,ESP,2017,YR2017
1372,0.972,2.228,3.702,3.81,0.899,0.799,0.493,0.999,0.192,0.321,0.243,0.216,0.133,0.27,0.052,0.087,1.82,1.62,2.03,0.39,0.65,0.868,1.989,3.305,0.176,0.404,0.671,0.5,20.5,53.8,0.1,4.4,11.5,21444000.0,Food Prices for Nutrition 1.1,FPN 1.1,Sri Lanka,LKA,2017,YR2017
1376,0.533,2.994,2.998,5.62,0.648,0.74,0.425,0.716,0.333,0.136,0.216,0.247,0.142,0.239,0.111,0.045,1.52,1.74,1.68,0.78,0.32,0.476,2.673,2.677,0.082,0.461,0.462,0.0,0.0,97.5,0.0,0.0,3125.1,47785.0,Food Prices for Nutrition 1.1,FPN 1.1,St. Kitts and Nevis,KNA,2017,YR2017
1380,1.05,2.651,3.263,3.11,0.479,0.888,0.509,0.848,0.334,0.205,0.147,0.272,0.156,0.26,0.102,0.063,0.94,1.74,1.67,0.66,0.4,0.938,2.367,2.913,0.591,1.492,1.836,4.6,16.7,20.9,0.0,0.0,0.0,177163.0,Food Prices for Nutrition 1.1,FPN 1.1,St. Lucia,LCA,2017,YR2017
1384,1.322,3.054,4.131,3.12,0.427,1.269,0.822,0.78,0.605,0.229,0.103,0.307,0.199,0.189,0.146,0.055,0.52,1.54,0.95,0.74,0.28,1.18,2.727,3.688,0.251,0.581,0.785,0.0,96.0,97.5,381.2,0.0,0.0,105549.0,Food Prices for Nutrition 1.1,FPN 1.1,St. Vincent and the Grenadines,VCT,2017,YR2017
1388,0.871,2.228,3.249,10.88,0.542,0.843,0.528,0.934,0.256,0.146,0.065,0.108,0.067,0.413,0.022,0.015,0.41,0.52,4.05,2.3,0.06,2.988,1.047,6.035,1.44,0.167,0.247,25.0,68.4,84.4,256.2,700.8,865.4,1034965620.0,Food Prices for Nutrition 1.1,FPN 1.1,Sub-Saharan Africa,SSF,2017,YR2017
1392,1.079,2.089,3.674,3.41,0.48,0.723,0.547,1.203,0.509,0.211,0.131,0.197,0.149,0.327,0.139,0.057,0.88,1.32,2.2,0.93,0.39,0.963,1.865,3.28,0.242,0.468,0.824,14.4,57.2,87.7,5.8,23.3,35.7,40679828.0,Food Prices for Nutrition 1.1,FPN 1.1,Sudan,SDN,2017,YR2017
1396,1.142,3.386,4.969,4.35,0.8,1.256,0.585,1.412,0.78,0.136,0.161,0.253,0.118,0.284,0.157,0.027,1.37,2.15,2.41,1.33,0.23,1.02,3.023,4.437,0.139,0.412,0.604,15.5,34.2,43.7,0.1,0.2,0.3,587559.0,Food Prices for Nutrition 1.1,FPN 1.1,Suriname,SUR,2017,YR2017
1400,0.8,2.434,3.086,3.86,0.773,0.766,0.47,0.644,0.347,0.085,0.25,0.248,0.152,0.209,0.112,0.028,1.64,1.63,1.37,0.74,0.18,0.714,2.173,2.755,0.108,0.329,0.417,0.2,0.4,0.6,0.0,0.0,0.1,10057698.0,Food Prices for Nutrition 1.1,FPN 1.1,Sweden,SWE,2017,YR2017
1404,0.418,2.101,2.523,6.04,0.577,0.743,0.212,0.675,0.249,0.067,0.229,0.294,0.084,0.268,0.099,0.027,2.72,3.5,3.18,1.17,0.32,0.373,1.876,2.253,0.055,0.278,0.333,0.0,0.0,0.0,0.0,0.0,0.0,8451840.0,Food Prices for Nutrition 1.1,FPN 1.1,Switzerland,CHE,2017,YR2017
1408,1.459,2.996,3.99,2.73,0.75,0.863,0.857,0.911,0.475,0.134,0.188,0.216,0.215,0.228,0.119,0.034,0.88,1.01,1.06,0.55,0.16,1.303,2.675,3.563,0.156,0.32,0.427,0.0,0.2,0.2,0.0,0.1,0.1,23552470.0,Food Prices for Nutrition 1.1,FPN 1.1,"Taiwan, China",TWN,2017,YR2017
1412,0.912,2.345,3.027,3.32,0.628,0.425,0.552,0.823,0.439,0.16,0.207,0.14,0.182,0.272,0.145,0.053,1.14,0.77,1.49,0.8,0.29,0.814,2.094,2.703,0.362,0.932,1.203,2.3,33.5,50.0,0.2,3.0,4.5,8925525.0,Food Prices for Nutrition 1.1,FPN 1.1,Tajikistan,TJK,2017,YR2017
1416,0.994,1.944,2.598,2.61,0.518,0.504,0.557,0.657,0.208,0.155,0.199,0.194,0.214,0.253,0.08,0.06,0.93,0.9,1.18,0.37,0.28,0.888,1.736,2.32,0.374,0.731,0.976,36.8,75.6,85.9,20.7,42.5,48.3,56267032.0,Food Prices for Nutrition 1.1,FPN 1.1,Tanzania,TZA,2017,YR2017
1420,1.047,2.883,3.971,3.79,0.786,0.746,0.896,0.942,0.488,0.114,0.198,0.188,0.226,0.237,0.123,0.029,0.88,0.83,1.05,0.54,0.13,0.935,2.574,3.546,0.173,0.476,0.656,0.0,7.1,20.5,0.0,5.0,14.5,70898202.0,Food Prices for Nutrition 1.1,FPN 1.1,Thailand,THA,2017,YR2017
1424,1.939,2.31,1.822,10.88,1.997,1.785,1.477,0.377,0.069,0.453,0.065,0.487,0.316,0.413,0.264,0.015,3.67,4.46,4.05,0.12,0.06,1.731,2.063,1.627,1.44,1.716,0.247,0.0,0.0,0.0,381.2,2287.9,3125.1,7852795.0,Food Prices for Nutrition 1.1,FPN 1.1,Togo,TGO,2017,YR2017
1428,1.009,3.135,3.928,3.89,0.979,0.763,0.612,1.047,0.361,0.167,0.249,0.194,0.156,0.267,0.092,0.043,1.6,1.25,1.71,0.59,0.27,0.901,2.799,3.507,0.129,0.4,0.501,0.2,3.7,7.0,0.0,0.1,0.1,1478607.0,Food Prices for Nutrition 1.1,FPN 1.1,Trinidad and Tobago,TTO,2017,YR2017
1432,0.604,1.88,3.476,5.75,1.127,0.527,0.318,0.841,0.482,0.181,0.324,0.152,0.091,0.242,0.139,0.052,3.54,1.66,2.64,1.52,0.57,0.539,1.679,3.104,0.111,0.346,0.64,0.0,1.9,15.7,0.0,0.2,1.9,11811443.0,Food Prices for Nutrition 1.1,FPN 1.1,Tunisia,TUN,2017,YR2017
1436,0.709,2.286,2.873,4.05,0.85,0.448,0.36,0.817,0.271,0.127,0.296,0.156,0.125,0.284,0.094,0.044,2.36,1.24,2.27,0.75,0.35,0.633,2.041,2.565,0.096,0.311,0.391,0.0,3.1,6.1,0.0,2.6,5.0,82089826.0,Food Prices for Nutrition 1.1,FPN 1.1,Türkiye,TUR,2017,YR2017
1440,1.128,2.453,2.809,2.49,0.556,0.663,0.532,0.645,0.296,0.117,0.198,0.236,0.189,0.23,0.105,0.042,1.05,1.25,1.21,0.56,0.22,1.007,2.19,2.508,0.317,0.69,0.79,0.0,96.0,97.5,381.2,0.0,0.0,39844.0,Food Prices for Nutrition 1.1,FPN 1.1,Turks and Caicos Islands,TCA,2017,YR2017
1444,0.648,1.8,2.749,4.24,0.494,0.528,0.495,0.853,0.196,0.184,0.18,0.192,0.18,0.31,0.071,0.067,1.0,1.07,1.72,0.4,0.37,0.579,1.607,2.454,0.426,1.183,1.807,13.7,68.8,84.4,5.5,27.6,33.8,40127085.0,Food Prices for Nutrition 1.1,FPN 1.1,Uganda,UGA,2017,YR2017
1448,0.746,1.806,2.755,3.69,0.562,0.532,0.388,0.856,0.269,0.149,0.204,0.193,0.141,0.311,0.098,0.054,1.45,1.37,2.21,0.69,0.38,0.666,1.613,2.46,0.101,0.245,0.374,0.0,0.0,0.1,0.0,0.0,0.0,9068296.0,Food Prices for Nutrition 1.1,FPN 1.1,United Arab Emirates,ARE,2017,YR2017
1452,0.263,1.526,1.822,6.93,0.533,0.399,0.147,0.494,0.195,0.053,0.293,0.219,0.081,0.271,0.107,0.029,3.63,2.71,3.36,1.33,0.36,0.235,1.363,1.627,0.049,0.285,0.341,0.1,0.4,0.5,0.1,0.3,0.3,66058859.0,Food Prices for Nutrition 1.1,FPN 1.1,United Kingdom,GBR,2017,YR2017
1456,0.905,2.215,3.225,3.56,0.61,1.053,0.661,0.557,0.285,0.059,0.189,0.327,0.205,0.173,0.088,0.018,0.92,1.59,0.84,0.43,0.09,0.808,1.978,2.879,0.129,0.316,0.46,1.2,1.5,2.0,4.1,4.9,6.5,325122128.0,Food Prices for Nutrition 1.1,FPN 1.1,United States,USA,2017,YR2017
1460,0.87,2.627,3.524,1.34145413,0.712,0.801,0.54,0.909,0.432,0.13,0.423,0.487,0.316,0.413,0.264,0.015,0.41,0.52,0.54,2.3,0.79,0.234,5.925,1.627,1.44,3.913,0.247,1.2,11.2,17.2,29.6,272.1,418.9,2431589377.0,Food Prices for Nutrition 1.1,FPN 1.1,Upper middle income,UMC,2017,YR2017
1464,0.694,2.129,3.073,4.43,0.537,0.989,0.378,0.615,0.487,0.068,0.175,0.322,0.123,0.2,0.158,0.022,1.42,2.62,1.63,1.29,0.18,0.62,1.901,2.744,0.094,0.288,0.416,0.0,0.8,2.8,0.0,0.0,0.1,3422200.0,Food Prices for Nutrition 1.1,FPN 1.1,Uruguay,URY,2017,YR2017
1468,0.975,2.514,3.586,3.68,0.556,0.771,0.582,1.183,0.305,0.189,0.155,0.215,0.162,0.33,0.085,0.053,0.96,1.32,2.03,0.52,0.32,0.871,2.245,3.202,0.286,0.737,1.052,0.7,11.7,25.0,0.7,11.0,23.5,94033048.0,Food Prices for Nutrition 1.1,FPN 1.1,Vietnam,VNM,2017,YR2017
1472,1.124,1.761,3.342,2.97,0.695,0.564,0.649,1.127,0.1866897152,0.122,0.208,0.169,0.194,0.337,0.056,0.037,1.07,0.87,1.74,0.29,0.19,1.004,1.572,2.984,0.284,0.445,0.845,0.6,2.4,18.0,0.0,0.1,0.8,4454805.0,Food Prices for Nutrition 1.1,FPN 1.1,West Bank and Gaza,PSE,2017,YR2017
1476,0.834,2.457,3.314,1.306955435,0.662,0.793,0.508,0.873,0.348,0.13,0.423,0.108,0.067,0.123,0.264,0.106,3.67,0.52,4.05,0.12,0.06,2.988,1.047,6.035,0.032,0.167,5.272,4.9,31.9,43.6,350.6,2287.9,3125.1,7262444211.0,Food Prices for Nutrition 1.1,FPN 1.1,World,WLD,2017,YR2017
1480,1.279,2.38,3.085,2.41,0.372,0.631,0.814,0.906,0.232,0.13,0.121,0.205,0.264,0.294,0.075,0.042,0.46,0.78,1.11,0.29,0.16,1.142,2.125,2.754,0.755,1.405,1.821,65.1,82.5,88.4,11.3,14.3,15.3,17298054.0,Food Prices for Nutrition 1.1,FPN 1.1,Zambia,ZMB,2017,YR2017
1484,0.775,2.297,3.456,4.46,0.513,0.968,0.55,0.95,0.33,0.144,0.148,0.28,0.159,0.275,0.095,0.042,0.93,1.76,1.73,0.6,0.26,0.692,2.051,3.086,0.343,1.016,1.529,14.2,69.6,83.2,2.1,10.3,12.3,14751101.0,Food Prices for Nutrition 1.1,FPN 1.1,Zimbabwe,ZWE,2017,YR2017
